student_id,semester,total_fee,paid_amount,due_date,status
1,5,25000.0,0.0,2026-09-30,PENDING
1,6,25000.0,17062.22,2026-09-30,PARTIAL
2,6,25000.0,25000.0,2026-09-30,PAID
2,7,25000.0,25000.0,2026-09-30,PAID
3,6,25000.0,13106.37,2026-09-30,PARTIAL
3,7,25000.0,25000.0,2026-09-30,PAID
4,3,25000.0,25000.0,2026-09-30,PAID
4,4,25000.0,25000.0,2026-09-30,PAID
5,1,25000.0,25000.0,2026-09-30,PAID
6,1,25000.0,15398.05,2026-09-30,PARTIAL
7,1,25000.0,7646.91,2026-09-30,PARTIAL
7,2,25000.0,25000.0,2026-09-30,PAID
8,7,25000.0,25000.0,2026-09-30,PAID
8,8,25000.0,25000.0,2026-09-30,PAID
9,6,25000.0,16290.6,2026-09-30,PARTIAL
9,7,25000.0,25000.0,2026-09-30,PAID
10,1,25000.0,25000.0,2026-09-30,PAID
10,2,25000.0,25000.0,2026-09-30,PAID
11,2,25000.0,25000.0,2026-09-30,PAID
11,3,25000.0,25000.0,2026-09-30,PAID
12,3,25000.0,25000.0,2026-09-30,PAID
12,4,25000.0,5534.4,2026-09-30,PARTIAL
13,5,25000.0,25000.0,2026-09-30,PAID
13,6,25000.0,17804.16,2026-09-30,PARTIAL
14,7,25000.0,25000.0,2026-09-30,PAID
14,8,25000.0,25000.0,2026-09-30,PAID
15,1,25000.0,25000.0,2026-09-30,PAID
15,2,25000.0,25000.0,2026-09-30,PAID
16,5,25000.0,25000.0,2026-09-30,PAID
16,6,25000.0,25000.0,2026-09-30,PAID
17,7,25000.0,13635.16,2026-09-30,PARTIAL
17,8,25000.0,15846.86,2026-09-30,PARTIAL
18,6,25000.0,25000.0,2026-09-30,PAID
18,7,25000.0,10905.85,2026-09-30,PARTIAL
19,3,25000.0,0.0,2026-09-30,PENDING
19,4,25000.0,25000.0,2026-09-30,PAID
20,6,25000.0,8963.59,2026-09-30,PARTIAL
20,7,25000.0,25000.0,2026-09-30,PAID
21,3,25000.0,0.0,2026-09-30,PENDING
21,4,25000.0,25000.0,2026-09-30,PAID
22,1,25000.0,25000.0,2026-09-30,PAID
22,2,25000.0,25000.0,2026-09-30,PAID
23,1,25000.0,12493.88,2026-09-30,PARTIAL
23,2,25000.0,25000.0,2026-09-30,PAID
24,7,25000.0,25000.0,2026-09-30,PAID
24,8,25000.0,25000.0,2026-09-30,PAID
25,1,25000.0,25000.0,2026-09-30,PAID
26,6,25000.0,25000.0,2026-09-30,PAID
26,7,25000.0,25000.0,2026-09-30,PAID
27,5,25000.0,25000.0,2026-09-30,PAID
27,6,25000.0,25000.0,2026-09-30,PAID
28,5,25000.0,25000.0,2026-09-30,PAID
28,6,25000.0,25000.0,2026-09-30,PAID
29,2,25000.0,25000.0,2026-09-30,PAID
29,3,25000.0,25000.0,2026-09-30,PAID
30,4,25000.0,25000.0,2026-09-30,PAID
30,5,25000.0,0.0,2026-09-30,PENDING
31,4,25000.0,25000.0,2026-09-30,PAID
31,5,25000.0,0.0,2026-09-30,PENDING
32,1,25000.0,25000.0,2026-09-30,PAID
33,3,25000.0,25000.0,2026-09-30,PAID
33,4,25000.0,25000.0,2026-09-30,PAID
34,1,25000.0,25000.0,2026-09-30,PAID
35,5,25000.0,25000.0,2026-09-30,PAID
35,6,25000.0,25000.0,2026-09-30,PAID
36,2,25000.0,25000.0,2026-09-30,PAID
36,3,25000.0,25000.0,2026-09-30,PAID
37,7,25000.0,25000.0,2026-09-30,PAID
37,8,25000.0,25000.0,2026-09-30,PAID
38,1,25000.0,25000.0,2026-09-30,PAID
38,2,25000.0,25000.0,2026-09-30,PAID
39,2,25000.0,25000.0,2026-09-30,PAID
39,3,25000.0,25000.0,2026-09-30,PAID
40,5,25000.0,25000.0,2026-09-30,PAID
40,6,25000.0,25000.0,2026-09-30,PAID
41,3,25000.0,25000.0,2026-09-30,PAID
41,4,25000.0,25000.0,2026-09-30,PAID
42,4,25000.0,25000.0,2026-09-30,PAID
42,5,25000.0,25000.0,2026-09-30,PAID
43,6,25000.0,25000.0,2026-09-30,PAID
43,7,25000.0,25000.0,2026-09-30,PAID
44,4,25000.0,25000.0,2026-09-30,PAID
44,5,25000.0,25000.0,2026-09-30,PAID
45,4,25000.0,25000.0,2026-09-30,PAID
45,5,25000.0,25000.0,2026-09-30,PAID
46,1,25000.0,25000.0,2026-09-30,PAID
47,5,25000.0,25000.0,2026-09-30,PAID
47,6,25000.0,0.0,2026-09-30,PENDING
48,1,25000.0,25000.0,2026-09-30,PAID
49,6,25000.0,11389.7,2026-09-30,PARTIAL
49,7,25000.0,25000.0,2026-09-30,PAID
50,6,25000.0,25000.0,2026-09-30,PAID
50,7,25000.0,25000.0,2026-09-30,PAID
51,3,25000.0,25000.0,2026-09-30,PAID
51,4,25000.0,25000.0,2026-09-30,PAID
52,1,25000.0,25000.0,2026-09-30,PAID
52,2,25000.0,25000.0,2026-09-30,PAID
53,7,25000.0,16326.0,2026-09-30,PARTIAL
53,8,25000.0,25000.0,2026-09-30,PAID
54,1,25000.0,13262.8,2026-09-30,PARTIAL
55,1,25000.0,25000.0,2026-09-30,PAID
56,5,25000.0,25000.0,2026-09-30,PAID
56,6,25000.0,25000.0,2026-09-30,PAID
57,5,25000.0,25000.0,2026-09-30,PAID
57,6,25000.0,25000.0,2026-09-30,PAID
58,7,25000.0,0.0,2026-09-30,PENDING
58,8,25000.0,25000.0,2026-09-30,PAID
59,6,25000.0,25000.0,2026-09-30,PAID
59,7,25000.0,25000.0,2026-09-30,PAID
60,2,25000.0,25000.0,2026-09-30,PAID
60,3,25000.0,25000.0,2026-09-30,PAID
61,3,25000.0,25000.0,2026-09-30,PAID
61,4,25000.0,25000.0,2026-09-30,PAID
62,2,25000.0,25000.0,2026-09-30,PAID
62,3,25000.0,25000.0,2026-09-30,PAID
63,2,25000.0,25000.0,2026-09-30,PAID
63,3,25000.0,25000.0,2026-09-30,PAID
64,5,25000.0,25000.0,2026-09-30,PAID
64,6,25000.0,25000.0,2026-09-30,PAID
65,2,25000.0,25000.0,2026-09-30,PAID
65,3,25000.0,25000.0,2026-09-30,PAID
66,5,25000.0,13919.73,2026-09-30,PARTIAL
66,6,25000.0,25000.0,2026-09-30,PAID
67,5,25000.0,25000.0,2026-09-30,PAID
67,6,25000.0,25000.0,2026-09-30,PAID
68,5,25000.0,25000.0,2026-09-30,PAID
68,6,25000.0,25000.0,2026-09-30,PAID
69,1,25000.0,25000.0,2026-09-30,PAID
69,2,25000.0,25000.0,2026-09-30,PAID
70,6,25000.0,15505.68,2026-09-30,PARTIAL
70,7,25000.0,25000.0,2026-09-30,PAID
71,3,25000.0,25000.0,2026-09-30,PAID
71,4,25000.0,25000.0,2026-09-30,PAID
72,2,25000.0,25000.0,2026-09-30,PAID
72,3,25000.0,25000.0,2026-09-30,PAID
73,1,25000.0,25000.0,2026-09-30,PAID
74,2,25000.0,25000.0,2026-09-30,PAID
74,3,25000.0,25000.0,2026-09-30,PAID
75,2,25000.0,25000.0,2026-09-30,PAID
75,3,25000.0,25000.0,2026-09-30,PAID
76,7,25000.0,25000.0,2026-09-30,PAID
76,8,25000.0,25000.0,2026-09-30,PAID
77,2,25000.0,25000.0,2026-09-30,PAID
77,3,25000.0,25000.0,2026-09-30,PAID
78,4,25000.0,14314.67,2026-09-30,PARTIAL
78,5,25000.0,10959.4,2026-09-30,PARTIAL
79,4,25000.0,25000.0,2026-09-30,PAID
79,5,25000.0,13569.55,2026-09-30,PARTIAL
80,4,25000.0,13027.79,2026-09-30,PARTIAL
80,5,25000.0,25000.0,2026-09-30,PAID
81,1,25000.0,25000.0,2026-09-30,PAID
81,2,25000.0,25000.0,2026-09-30,PAID
82,2,25000.0,25000.0,2026-09-30,PAID
82,3,25000.0,15781.0,2026-09-30,PARTIAL
83,4,25000.0,25000.0,2026-09-30,PAID
83,5,25000.0,25000.0,2026-09-30,PAID
84,5,25000.0,25000.0,2026-09-30,PAID
84,6,25000.0,25000.0,2026-09-30,PAID
85,7,25000.0,0.0,2026-09-30,PENDING
85,8,25000.0,25000.0,2026-09-30,PAID
86,5,25000.0,25000.0,2026-09-30,PAID
86,6,25000.0,25000.0,2026-09-30,PAID
87,1,25000.0,25000.0,2026-09-30,PAID
87,2,25000.0,0.0,2026-09-30,PENDING
88,3,25000.0,25000.0,2026-09-30,PAID
88,4,25000.0,25000.0,2026-09-30,PAID
89,4,25000.0,25000.0,2026-09-30,PAID
89,5,25000.0,25000.0,2026-09-30,PAID
90,7,25000.0,25000.0,2026-09-30,PAID
90,8,25000.0,25000.0,2026-09-30,PAID
91,1,25000.0,25000.0,2026-09-30,PAID
92,7,25000.0,25000.0,2026-09-30,PAID
92,8,25000.0,25000.0,2026-09-30,PAID
93,2,25000.0,25000.0,2026-09-30,PAID
93,3,25000.0,25000.0,2026-09-30,PAID
94,5,25000.0,25000.0,2026-09-30,PAID
94,6,25000.0,25000.0,2026-09-30,PAID
95,5,25000.0,25000.0,2026-09-30,PAID
95,6,25000.0,25000.0,2026-09-30,PAID
96,3,25000.0,0.0,2026-09-30,PENDING
96,4,25000.0,25000.0,2026-09-30,PAID
97,1,25000.0,25000.0,2026-09-30,PAID
98,1,25000.0,25000.0,2026-09-30,PAID
98,2,25000.0,25000.0,2026-09-30,PAID
99,3,25000.0,25000.0,2026-09-30,PAID
99,4,25000.0,25000.0,2026-09-30,PAID
100,4,25000.0,14028.2,2026-09-30,PARTIAL
100,5,25000.0,10250.83,2026-09-30,PARTIAL
101,2,25000.0,25000.0,2026-09-30,PAID
101,3,25000.0,25000.0,2026-09-30,PAID
102,7,25000.0,25000.0,2026-09-30,PAID
102,8,25000.0,25000.0,2026-09-30,PAID
103,1,25000.0,25000.0,2026-09-30,PAID
103,2,25000.0,25000.0,2026-09-30,PAID
104,3,25000.0,0.0,2026-09-30,PENDING
104,4,25000.0,0.0,2026-09-30,PENDING
105,5,25000.0,25000.0,2026-09-30,PAID
105,6,25000.0,25000.0,2026-09-30,PAID
106,2,25000.0,25000.0,2026-09-30,PAID
106,3,25000.0,25000.0,2026-09-30,PAID
107,1,25000.0,25000.0,2026-09-30,PAID
108,1,25000.0,25000.0,2026-09-30,PAID
108,2,25000.0,25000.0,2026-09-30,PAID
109,1,25000.0,25000.0,2026-09-30,PAID
109,2,25000.0,25000.0,2026-09-30,PAID
110,5,25000.0,25000.0,2026-09-30,PAID
110,6,25000.0,25000.0,2026-09-30,PAID
111,6,25000.0,25000.0,2026-09-30,PAID
111,7,25000.0,25000.0,2026-09-30,PAID
112,7,25000.0,25000.0,2026-09-30,PAID
112,8,25000.0,25000.0,2026-09-30,PAID
113,2,25000.0,25000.0,2026-09-30,PAID
113,3,25000.0,0.0,2026-09-30,PENDING
114,7,25000.0,25000.0,2026-09-30,PAID
114,8,25000.0,25000.0,2026-09-30,PAID
115,2,25000.0,25000.0,2026-09-30,PAID
115,3,25000.0,0.0,2026-09-30,PENDING
116,4,25000.0,25000.0,2026-09-30,PAID
116,5,25000.0,25000.0,2026-09-30,PAID
117,1,25000.0,25000.0,2026-09-30,PAID
117,2,25000.0,25000.0,2026-09-30,PAID
118,6,25000.0,25000.0,2026-09-30,PAID
118,7,25000.0,25000.0,2026-09-30,PAID
119,2,25000.0,25000.0,2026-09-30,PAID
119,3,25000.0,25000.0,2026-09-30,PAID
120,5,25000.0,0.0,2026-09-30,PENDING
120,6,25000.0,0.0,2026-09-30,PENDING
121,5,25000.0,25000.0,2026-09-30,PAID
121,6,25000.0,25000.0,2026-09-30,PAID
122,1,25000.0,10281.85,2026-09-30,PARTIAL
122,2,25000.0,0.0,2026-09-30,PENDING
123,1,25000.0,25000.0,2026-09-30,PAID
123,2,25000.0,25000.0,2026-09-30,PAID
124,6,25000.0,25000.0,2026-09-30,PAID
124,7,25000.0,25000.0,2026-09-30,PAID
125,1,25000.0,25000.0,2026-09-30,PAID
126,4,25000.0,25000.0,2026-09-30,PAID
126,5,25000.0,25000.0,2026-09-30,PAID
127,7,25000.0,25000.0,2026-09-30,PAID
127,8,25000.0,25000.0,2026-09-30,PAID
128,1,25000.0,25000.0,2026-09-30,PAID
128,2,25000.0,25000.0,2026-09-30,PAID
129,1,25000.0,25000.0,2026-09-30,PAID
130,2,25000.0,25000.0,2026-09-30,PAID
130,3,25000.0,25000.0,2026-09-30,PAID
131,1,25000.0,25000.0,2026-09-30,PAID
132,6,25000.0,14423.12,2026-09-30,PARTIAL
132,7,25000.0,5528.22,2026-09-30,PARTIAL
133,4,25000.0,25000.0,2026-09-30,PAID
133,5,25000.0,25000.0,2026-09-30,PAID
134,6,25000.0,25000.0,2026-09-30,PAID
134,7,25000.0,25000.0,2026-09-30,PAID
135,4,25000.0,25000.0,2026-09-30,PAID
135,5,25000.0,25000.0,2026-09-30,PAID
136,1,25000.0,25000.0,2026-09-30,PAID
136,2,25000.0,25000.0,2026-09-30,PAID
137,1,25000.0,0.0,2026-09-30,PENDING
138,3,25000.0,25000.0,2026-09-30,PAID
138,4,25000.0,25000.0,2026-09-30,PAID
139,7,25000.0,25000.0,2026-09-30,PAID
139,8,25000.0,25000.0,2026-09-30,PAID
140,3,25000.0,25000.0,2026-09-30,PAID
140,4,25000.0,9137.55,2026-09-30,PARTIAL
141,1,25000.0,7666.91,2026-09-30,PARTIAL
141,2,25000.0,25000.0,2026-09-30,PAID
142,7,25000.0,25000.0,2026-09-30,PAID
142,8,25000.0,11303.23,2026-09-30,PARTIAL
143,3,25000.0,0.0,2026-09-30,PENDING
143,4,25000.0,16050.02,2026-09-30,PARTIAL
144,5,25000.0,13920.5,2026-09-30,PARTIAL
144,6,25000.0,25000.0,2026-09-30,PAID
145,5,25000.0,25000.0,2026-09-30,PAID
145,6,25000.0,12245.94,2026-09-30,PARTIAL
146,7,25000.0,25000.0,2026-09-30,PAID
146,8,25000.0,25000.0,2026-09-30,PAID
147,7,25000.0,25000.0,2026-09-30,PAID
147,8,25000.0,25000.0,2026-09-30,PAID
148,4,25000.0,25000.0,2026-09-30,PAID
148,5,25000.0,25000.0,2026-09-30,PAID
149,5,25000.0,25000.0,2026-09-30,PAID
149,6,25000.0,25000.0,2026-09-30,PAID
150,7,25000.0,25000.0,2026-09-30,PAID
150,8,25000.0,25000.0,2026-09-30,PAID
151,7,25000.0,25000.0,2026-09-30,PAID
151,8,25000.0,25000.0,2026-09-30,PAID
152,2,25000.0,0.0,2026-09-30,PENDING
152,3,25000.0,25000.0,2026-09-30,PAID
153,3,25000.0,25000.0,2026-09-30,PAID
153,4,25000.0,13515.84,2026-09-30,PARTIAL
154,4,25000.0,0.0,2026-09-30,PENDING
154,5,25000.0,25000.0,2026-09-30,PAID
155,3,25000.0,25000.0,2026-09-30,PAID
155,4,25000.0,25000.0,2026-09-30,PAID
156,2,25000.0,11363.01,2026-09-30,PARTIAL
156,3,25000.0,25000.0,2026-09-30,PAID
157,2,25000.0,25000.0,2026-09-30,PAID
157,3,25000.0,25000.0,2026-09-30,PAID
158,1,25000.0,17233.13,2026-09-30,PARTIAL
158,2,25000.0,25000.0,2026-09-30,PAID
159,7,25000.0,25000.0,2026-09-30,PAID
159,8,25000.0,25000.0,2026-09-30,PAID
160,7,25000.0,25000.0,2026-09-30,PAID
160,8,25000.0,10923.89,2026-09-30,PARTIAL
161,3,25000.0,25000.0,2026-09-30,PAID
161,4,25000.0,25000.0,2026-09-30,PAID
162,1,25000.0,25000.0,2026-09-30,PAID
163,5,25000.0,25000.0,2026-09-30,PAID
163,6,25000.0,25000.0,2026-09-30,PAID
164,1,25000.0,25000.0,2026-09-30,PAID
164,2,25000.0,25000.0,2026-09-30,PAID
165,6,25000.0,6988.37,2026-09-30,PARTIAL
165,7,25000.0,0.0,2026-09-30,PENDING
166,1,25000.0,25000.0,2026-09-30,PAID
167,7,25000.0,25000.0,2026-09-30,PAID
167,8,25000.0,25000.0,2026-09-30,PAID
168,7,25000.0,25000.0,2026-09-30,PAID
168,8,25000.0,15882.31,2026-09-30,PARTIAL
169,1,25000.0,25000.0,2026-09-30,PAID
170,3,25000.0,13029.03,2026-09-30,PARTIAL
170,4,25000.0,9170.07,2026-09-30,PARTIAL
171,2,25000.0,25000.0,2026-09-30,PAID
171,3,25000.0,25000.0,2026-09-30,PAID
172,2,25000.0,25000.0,2026-09-30,PAID
172,3,25000.0,25000.0,2026-09-30,PAID
173,2,25000.0,25000.0,2026-09-30,PAID
173,3,25000.0,9717.42,2026-09-30,PARTIAL
174,1,25000.0,0.0,2026-09-30,PENDING
175,1,25000.0,25000.0,2026-09-30,PAID
175,2,25000.0,25000.0,2026-09-30,PAID
176,1,25000.0,25000.0,2026-09-30,PAID
176,2,25000.0,14618.13,2026-09-30,PARTIAL
177,2,25000.0,25000.0,2026-09-30,PAID
177,3,25000.0,25000.0,2026-09-30,PAID
178,5,25000.0,0.0,2026-09-30,PENDING
178,6,25000.0,0.0,2026-09-30,PENDING
179,1,25000.0,25000.0,2026-09-30,PAID
179,2,25000.0,25000.0,2026-09-30,PAID
180,4,25000.0,11344.69,2026-09-30,PARTIAL
180,5,25000.0,0.0,2026-09-30,PENDING
181,4,25000.0,25000.0,2026-09-30,PAID
181,5,25000.0,25000.0,2026-09-30,PAID
182,2,25000.0,25000.0,2026-09-30,PAID
182,3,25000.0,25000.0,2026-09-30,PAID
183,7,25000.0,9706.99,2026-09-30,PARTIAL
183,8,25000.0,25000.0,2026-09-30,PAID
184,2,25000.0,25000.0,2026-09-30,PAID
184,3,25000.0,25000.0,2026-09-30,PAID
185,4,25000.0,25000.0,2026-09-30,PAID
185,5,25000.0,25000.0,2026-09-30,PAID
186,2,25000.0,14713.89,2026-09-30,PARTIAL
186,3,25000.0,25000.0,2026-09-30,PAID
187,3,25000.0,25000.0,2026-09-30,PAID
187,4,25000.0,25000.0,2026-09-30,PAID
188,2,25000.0,25000.0,2026-09-30,PAID
188,3,25000.0,25000.0,2026-09-30,PAID
189,2,25000.0,25000.0,2026-09-30,PAID
189,3,25000.0,25000.0,2026-09-30,PAID
190,1,25000.0,25000.0,2026-09-30,PAID
190,2,25000.0,25000.0,2026-09-30,PAID
191,4,25000.0,25000.0,2026-09-30,PAID
191,5,25000.0,0.0,2026-09-30,PENDING
192,4,25000.0,25000.0,2026-09-30,PAID
192,5,25000.0,25000.0,2026-09-30,PAID
193,7,25000.0,25000.0,2026-09-30,PAID
193,8,25000.0,25000.0,2026-09-30,PAID
194,2,25000.0,25000.0,2026-09-30,PAID
194,3,25000.0,25000.0,2026-09-30,PAID
195,7,25000.0,12555.57,2026-09-30,PARTIAL
195,8,25000.0,25000.0,2026-09-30,PAID
196,7,25000.0,25000.0,2026-09-30,PAID
196,8,25000.0,25000.0,2026-09-30,PAID
197,4,25000.0,15536.02,2026-09-30,PARTIAL
197,5,25000.0,25000.0,2026-09-30,PAID
198,6,25000.0,25000.0,2026-09-30,PAID
198,7,25000.0,25000.0,2026-09-30,PAID
199,3,25000.0,25000.0,2026-09-30,PAID
199,4,25000.0,25000.0,2026-09-30,PAID
200,4,25000.0,25000.0,2026-09-30,PAID
200,5,25000.0,25000.0,2026-09-30,PAID
201,1,25000.0,25000.0,2026-09-30,PAID
202,3,25000.0,6979.22,2026-09-30,PARTIAL
202,4,25000.0,16158.59,2026-09-30,PARTIAL
203,3,25000.0,0.0,2026-09-30,PENDING
203,4,25000.0,25000.0,2026-09-30,PAID
204,3,25000.0,25000.0,2026-09-30,PAID
204,4,25000.0,25000.0,2026-09-30,PAID
205,5,25000.0,25000.0,2026-09-30,PAID
205,6,25000.0,25000.0,2026-09-30,PAID
206,4,25000.0,25000.0,2026-09-30,PAID
206,5,25000.0,25000.0,2026-09-30,PAID
207,1,25000.0,25000.0,2026-09-30,PAID
207,2,25000.0,25000.0,2026-09-30,PAID
208,4,25000.0,25000.0,2026-09-30,PAID
208,5,25000.0,25000.0,2026-09-30,PAID
209,7,25000.0,25000.0,2026-09-30,PAID
209,8,25000.0,25000.0,2026-09-30,PAID
210,3,25000.0,0.0,2026-09-30,PENDING
210,4,25000.0,25000.0,2026-09-30,PAID
211,2,25000.0,25000.0,2026-09-30,PAID
211,3,25000.0,25000.0,2026-09-30,PAID
212,5,25000.0,25000.0,2026-09-30,PAID
212,6,25000.0,15842.89,2026-09-30,PARTIAL
213,4,25000.0,25000.0,2026-09-30,PAID
213,5,25000.0,25000.0,2026-09-30,PAID
214,5,25000.0,25000.0,2026-09-30,PAID
214,6,25000.0,25000.0,2026-09-30,PAID
215,5,25000.0,25000.0,2026-09-30,PAID
215,6,25000.0,25000.0,2026-09-30,PAID
216,3,25000.0,25000.0,2026-09-30,PAID
216,4,25000.0,25000.0,2026-09-30,PAID
217,1,25000.0,25000.0,2026-09-30,PAID
218,5,25000.0,25000.0,2026-09-30,PAID
218,6,25000.0,25000.0,2026-09-30,PAID
219,2,25000.0,0.0,2026-09-30,PENDING
219,3,25000.0,13616.61,2026-09-30,PARTIAL
220,7,25000.0,25000.0,2026-09-30,PAID
220,8,25000.0,25000.0,2026-09-30,PAID
221,5,25000.0,25000.0,2026-09-30,PAID
221,6,25000.0,25000.0,2026-09-30,PAID
222,6,25000.0,25000.0,2026-09-30,PAID
222,7,25000.0,25000.0,2026-09-30,PAID
223,5,25000.0,25000.0,2026-09-30,PAID
223,6,25000.0,25000.0,2026-09-30,PAID
224,7,25000.0,13238.79,2026-09-30,PARTIAL
224,8,25000.0,25000.0,2026-09-30,PAID
225,7,25000.0,25000.0,2026-09-30,PAID
225,8,25000.0,17362.18,2026-09-30,PARTIAL
226,2,25000.0,8665.32,2026-09-30,PARTIAL
226,3,25000.0,5923.27,2026-09-30,PARTIAL
227,7,25000.0,25000.0,2026-09-30,PAID
227,8,25000.0,25000.0,2026-09-30,PAID
228,4,25000.0,25000.0,2026-09-30,PAID
228,5,25000.0,14286.8,2026-09-30,PARTIAL
229,7,25000.0,25000.0,2026-09-30,PAID
229,8,25000.0,25000.0,2026-09-30,PAID
230,1,25000.0,13999.62,2026-09-30,PARTIAL
230,2,25000.0,25000.0,2026-09-30,PAID
231,2,25000.0,25000.0,2026-09-30,PAID
231,3,25000.0,25000.0,2026-09-30,PAID
232,3,25000.0,25000.0,2026-09-30,PAID
232,4,25000.0,25000.0,2026-09-30,PAID
233,1,25000.0,25000.0,2026-09-30,PAID
233,2,25000.0,17246.84,2026-09-30,PARTIAL
234,2,25000.0,25000.0,2026-09-30,PAID
234,3,25000.0,25000.0,2026-09-30,PAID
235,5,25000.0,25000.0,2026-09-30,PAID
235,6,25000.0,0.0,2026-09-30,PENDING
236,1,25000.0,25000.0,2026-09-30,PAID
237,1,25000.0,25000.0,2026-09-30,PAID
237,2,25000.0,25000.0,2026-09-30,PAID
238,2,25000.0,25000.0,2026-09-30,PAID
238,3,25000.0,25000.0,2026-09-30,PAID
239,3,25000.0,25000.0,2026-09-30,PAID
239,4,25000.0,25000.0,2026-09-30,PAID
240,2,25000.0,25000.0,2026-09-30,PAID
240,3,25000.0,25000.0,2026-09-30,PAID
241,1,25000.0,25000.0,2026-09-30,PAID
242,1,25000.0,8044.97,2026-09-30,PARTIAL
242,2,25000.0,25000.0,2026-09-30,PAID
243,6,25000.0,25000.0,2026-09-30,PAID
243,7,25000.0,25000.0,2026-09-30,PAID
244,3,25000.0,25000.0,2026-09-30,PAID
244,4,25000.0,25000.0,2026-09-30,PAID
245,1,25000.0,17236.98,2026-09-30,PARTIAL
245,2,25000.0,25000.0,2026-09-30,PAID
246,7,25000.0,25000.0,2026-09-30,PAID
246,8,25000.0,25000.0,2026-09-30,PAID
247,1,25000.0,25000.0,2026-09-30,PAID
248,1,25000.0,25000.0,2026-09-30,PAID
248,2,25000.0,25000.0,2026-09-30,PAID
249,5,25000.0,25000.0,2026-09-30,PAID
249,6,25000.0,25000.0,2026-09-30,PAID
250,4,25000.0,25000.0,2026-09-30,PAID
250,5,25000.0,25000.0,2026-09-30,PAID
251,4,25000.0,25000.0,2026-09-30,PAID
251,5,25000.0,9655.86,2026-09-30,PARTIAL
252,6,25000.0,25000.0,2026-09-30,PAID
252,7,25000.0,25000.0,2026-09-30,PAID
253,7,25000.0,25000.0,2026-09-30,PAID
253,8,25000.0,25000.0,2026-09-30,PAID
254,5,25000.0,25000.0,2026-09-30,PAID
254,6,25000.0,25000.0,2026-09-30,PAID
255,2,25000.0,25000.0,2026-09-30,PAID
255,3,25000.0,25000.0,2026-09-30,PAID
256,1,25000.0,25000.0,2026-09-30,PAID
256,2,25000.0,25000.0,2026-09-30,PAID
257,2,25000.0,25000.0,2026-09-30,PAID
257,3,25000.0,25000.0,2026-09-30,PAID
258,7,25000.0,25000.0,2026-09-30,PAID
258,8,25000.0,25000.0,2026-09-30,PAID
259,2,25000.0,25000.0,2026-09-30,PAID
259,3,25000.0,25000.0,2026-09-30,PAID
260,1,25000.0,25000.0,2026-09-30,PAID
260,2,25000.0,25000.0,2026-09-30,PAID
261,1,25000.0,25000.0,2026-09-30,PAID
261,2,25000.0,25000.0,2026-09-30,PAID
262,2,25000.0,25000.0,2026-09-30,PAID
262,3,25000.0,25000.0,2026-09-30,PAID
263,1,25000.0,25000.0,2026-09-30,PAID
264,1,25000.0,25000.0,2026-09-30,PAID
265,1,25000.0,25000.0,2026-09-30,PAID
266,2,25000.0,25000.0,2026-09-30,PAID
266,3,25000.0,25000.0,2026-09-30,PAID
267,6,25000.0,25000.0,2026-09-30,PAID
267,7,25000.0,25000.0,2026-09-30,PAID
268,3,25000.0,25000.0,2026-09-30,PAID
268,4,25000.0,25000.0,2026-09-30,PAID
269,3,25000.0,25000.0,2026-09-30,PAID
269,4,25000.0,25000.0,2026-09-30,PAID
270,2,25000.0,25000.0,2026-09-30,PAID
270,3,25000.0,25000.0,2026-09-30,PAID
271,6,25000.0,25000.0,2026-09-30,PAID
271,7,25000.0,25000.0,2026-09-30,PAID
272,3,25000.0,25000.0,2026-09-30,PAID
272,4,25000.0,25000.0,2026-09-30,PAID
273,6,25000.0,25000.0,2026-09-30,PAID
273,7,25000.0,25000.0,2026-09-30,PAID
274,2,25000.0,11477.09,2026-09-30,PARTIAL
274,3,25000.0,25000.0,2026-09-30,PAID
275,6,25000.0,25000.0,2026-09-30,PAID
275,7,25000.0,25000.0,2026-09-30,PAID
276,6,25000.0,25000.0,2026-09-30,PAID
276,7,25000.0,25000.0,2026-09-30,PAID
277,3,25000.0,25000.0,2026-09-30,PAID
277,4,25000.0,25000.0,2026-09-30,PAID
278,7,25000.0,25000.0,2026-09-30,PAID
278,8,25000.0,25000.0,2026-09-30,PAID
279,1,25000.0,25000.0,2026-09-30,PAID
279,2,25000.0,25000.0,2026-09-30,PAID
280,7,25000.0,25000.0,2026-09-30,PAID
280,8,25000.0,25000.0,2026-09-30,PAID
281,4,25000.0,25000.0,2026-09-30,PAID
281,5,25000.0,25000.0,2026-09-30,PAID
282,2,25000.0,25000.0,2026-09-30,PAID
282,3,25000.0,25000.0,2026-09-30,PAID
283,1,25000.0,25000.0,2026-09-30,PAID
284,4,25000.0,25000.0,2026-09-30,PAID
284,5,25000.0,25000.0,2026-09-30,PAID
285,6,25000.0,14060.58,2026-09-30,PARTIAL
285,7,25000.0,25000.0,2026-09-30,PAID
286,1,25000.0,25000.0,2026-09-30,PAID
286,2,25000.0,25000.0,2026-09-30,PAID
287,4,25000.0,25000.0,2026-09-30,PAID
287,5,25000.0,25000.0,2026-09-30,PAID
288,5,25000.0,25000.0,2026-09-30,PAID
288,6,25000.0,25000.0,2026-09-30,PAID
289,1,25000.0,25000.0,2026-09-30,PAID
290,6,25000.0,25000.0,2026-09-30,PAID
290,7,25000.0,25000.0,2026-09-30,PAID
291,7,25000.0,25000.0,2026-09-30,PAID
291,8,25000.0,25000.0,2026-09-30,PAID
292,6,25000.0,25000.0,2026-09-30,PAID
292,7,25000.0,25000.0,2026-09-30,PAID
293,1,25000.0,25000.0,2026-09-30,PAID
293,2,25000.0,9617.83,2026-09-30,PARTIAL
294,2,25000.0,25000.0,2026-09-30,PAID
294,3,25000.0,25000.0,2026-09-30,PAID
295,1,25000.0,25000.0,2026-09-30,PAID
296,4,25000.0,25000.0,2026-09-30,PAID
296,5,25000.0,25000.0,2026-09-30,PAID
297,6,25000.0,7316.23,2026-09-30,PARTIAL
297,7,25000.0,0.0,2026-09-30,PENDING
298,1,25000.0,0.0,2026-09-30,PENDING
298,2,25000.0,25000.0,2026-09-30,PAID
299,2,25000.0,25000.0,2026-09-30,PAID
299,3,25000.0,25000.0,2026-09-30,PAID
300,6,25000.0,25000.0,2026-09-30,PAID
300,7,25000.0,25000.0,2026-09-30,PAID
301,1,25000.0,25000.0,2026-09-30,PAID
302,3,25000.0,7056.92,2026-09-30,PARTIAL
302,4,25000.0,25000.0,2026-09-30,PAID
303,6,25000.0,25000.0,2026-09-30,PAID
303,7,25000.0,11336.66,2026-09-30,PARTIAL
304,5,25000.0,0.0,2026-09-30,PENDING
304,6,25000.0,25000.0,2026-09-30,PAID
305,1,25000.0,25000.0,2026-09-30,PAID
306,3,25000.0,25000.0,2026-09-30,PAID
306,4,25000.0,25000.0,2026-09-30,PAID
307,6,25000.0,25000.0,2026-09-30,PAID
307,7,25000.0,25000.0,2026-09-30,PAID
308,2,25000.0,25000.0,2026-09-30,PAID
308,3,25000.0,0.0,2026-09-30,PENDING
309,7,25000.0,25000.0,2026-09-30,PAID
309,8,25000.0,25000.0,2026-09-30,PAID
310,6,25000.0,25000.0,2026-09-30,PAID
310,7,25000.0,25000.0,2026-09-30,PAID
311,2,25000.0,25000.0,2026-09-30,PAID
311,3,25000.0,25000.0,2026-09-30,PAID
312,6,25000.0,25000.0,2026-09-30,PAID
312,7,25000.0,25000.0,2026-09-30,PAID
313,2,25000.0,25000.0,2026-09-30,PAID
313,3,25000.0,25000.0,2026-09-30,PAID
314,6,25000.0,16213.57,2026-09-30,PARTIAL
314,7,25000.0,25000.0,2026-09-30,PAID
315,7,25000.0,25000.0,2026-09-30,PAID
315,8,25000.0,25000.0,2026-09-30,PAID
316,2,25000.0,25000.0,2026-09-30,PAID
316,3,25000.0,25000.0,2026-09-30,PAID
317,3,25000.0,25000.0,2026-09-30,PAID
317,4,25000.0,25000.0,2026-09-30,PAID
318,2,25000.0,25000.0,2026-09-30,PAID
318,3,25000.0,16105.37,2026-09-30,PARTIAL
319,3,25000.0,25000.0,2026-09-30,PAID
319,4,25000.0,25000.0,2026-09-30,PAID
320,4,25000.0,13318.52,2026-09-30,PARTIAL
320,5,25000.0,0.0,2026-09-30,PENDING
321,1,25000.0,25000.0,2026-09-30,PAID
321,2,25000.0,25000.0,2026-09-30,PAID
322,4,25000.0,25000.0,2026-09-30,PAID
322,5,25000.0,25000.0,2026-09-30,PAID
323,7,25000.0,25000.0,2026-09-30,PAID
323,8,25000.0,25000.0,2026-09-30,PAID
324,7,25000.0,25000.0,2026-09-30,PAID
324,8,25000.0,25000.0,2026-09-30,PAID
325,3,25000.0,25000.0,2026-09-30,PAID
325,4,25000.0,25000.0,2026-09-30,PAID
326,7,25000.0,25000.0,2026-09-30,PAID
326,8,25000.0,25000.0,2026-09-30,PAID
327,5,25000.0,6506.84,2026-09-30,PARTIAL
327,6,25000.0,25000.0,2026-09-30,PAID
328,2,25000.0,25000.0,2026-09-30,PAID
328,3,25000.0,25000.0,2026-09-30,PAID
329,3,25000.0,14265.93,2026-09-30,PARTIAL
329,4,25000.0,25000.0,2026-09-30,PAID
330,4,25000.0,25000.0,2026-09-30,PAID
330,5,25000.0,25000.0,2026-09-30,PAID
331,7,25000.0,25000.0,2026-09-30,PAID
331,8,25000.0,25000.0,2026-09-30,PAID
332,1,25000.0,25000.0,2026-09-30,PAID
333,6,25000.0,5500.19,2026-09-30,PARTIAL
333,7,25000.0,25000.0,2026-09-30,PAID
334,1,25000.0,9977.82,2026-09-30,PARTIAL
334,2,25000.0,25000.0,2026-09-30,PAID
335,6,25000.0,25000.0,2026-09-30,PAID
335,7,25000.0,25000.0,2026-09-30,PAID
336,7,25000.0,25000.0,2026-09-30,PAID
336,8,25000.0,25000.0,2026-09-30,PAID
337,1,25000.0,25000.0,2026-09-30,PAID
338,1,25000.0,25000.0,2026-09-30,PAID
338,2,25000.0,25000.0,2026-09-30,PAID
339,4,25000.0,25000.0,2026-09-30,PAID
339,5,25000.0,25000.0,2026-09-30,PAID
340,1,25000.0,0.0,2026-09-30,PENDING
340,2,25000.0,7908.83,2026-09-30,PARTIAL
341,6,25000.0,25000.0,2026-09-30,PAID
341,7,25000.0,25000.0,2026-09-30,PAID
342,5,25000.0,16283.7,2026-09-30,PARTIAL
342,6,25000.0,0.0,2026-09-30,PENDING
343,1,25000.0,0.0,2026-09-30,PENDING
344,3,25000.0,0.0,2026-09-30,PENDING
344,4,25000.0,25000.0,2026-09-30,PAID
345,5,25000.0,25000.0,2026-09-30,PAID
345,6,25000.0,25000.0,2026-09-30,PAID
346,1,25000.0,25000.0,2026-09-30,PAID
346,2,25000.0,25000.0,2026-09-30,PAID
347,4,25000.0,0.0,2026-09-30,PENDING
347,5,25000.0,15853.93,2026-09-30,PARTIAL
348,4,25000.0,7721.72,2026-09-30,PARTIAL
348,5,25000.0,25000.0,2026-09-30,PAID
349,1,25000.0,12207.32,2026-09-30,PARTIAL
350,1,25000.0,11654.27,2026-09-30,PARTIAL
350,2,25000.0,25000.0,2026-09-30,PAID
351,1,25000.0,25000.0,2026-09-30,PAID
352,7,25000.0,25000.0,2026-09-30,PAID
352,8,25000.0,25000.0,2026-09-30,PAID
353,3,25000.0,13030.71,2026-09-30,PARTIAL
353,4,25000.0,25000.0,2026-09-30,PAID
354,2,25000.0,25000.0,2026-09-30,PAID
354,3,25000.0,25000.0,2026-09-30,PAID
355,1,25000.0,25000.0,2026-09-30,PAID
356,4,25000.0,25000.0,2026-09-30,PAID
356,5,25000.0,25000.0,2026-09-30,PAID
357,7,25000.0,17068.77,2026-09-30,PARTIAL
357,8,25000.0,25000.0,2026-09-30,PAID
358,2,25000.0,25000.0,2026-09-30,PAID
358,3,25000.0,0.0,2026-09-30,PENDING
359,1,25000.0,25000.0,2026-09-30,PAID
359,2,25000.0,25000.0,2026-09-30,PAID
360,6,25000.0,25000.0,2026-09-30,PAID
360,7,25000.0,25000.0,2026-09-30,PAID
361,3,25000.0,12286.94,2026-09-30,PARTIAL
361,4,25000.0,7472.52,2026-09-30,PARTIAL
362,2,25000.0,25000.0,2026-09-30,PAID
362,3,25000.0,25000.0,2026-09-30,PAID
363,2,25000.0,25000.0,2026-09-30,PAID
363,3,25000.0,25000.0,2026-09-30,PAID
364,5,25000.0,25000.0,2026-09-30,PAID
364,6,25000.0,25000.0,2026-09-30,PAID
365,6,25000.0,25000.0,2026-09-30,PAID
365,7,25000.0,25000.0,2026-09-30,PAID
366,2,25000.0,25000.0,2026-09-30,PAID
366,3,25000.0,25000.0,2026-09-30,PAID
367,6,25000.0,25000.0,2026-09-30,PAID
367,7,25000.0,25000.0,2026-09-30,PAID
368,7,25000.0,25000.0,2026-09-30,PAID
368,8,25000.0,25000.0,2026-09-30,PAID
369,5,25000.0,25000.0,2026-09-30,PAID
369,6,25000.0,25000.0,2026-09-30,PAID
370,6,25000.0,25000.0,2026-09-30,PAID
370,7,25000.0,25000.0,2026-09-30,PAID
371,3,25000.0,25000.0,2026-09-30,PAID
371,4,25000.0,25000.0,2026-09-30,PAID
372,4,25000.0,25000.0,2026-09-30,PAID
372,5,25000.0,25000.0,2026-09-30,PAID
373,7,25000.0,25000.0,2026-09-30,PAID
373,8,25000.0,25000.0,2026-09-30,PAID
374,2,25000.0,25000.0,2026-09-30,PAID
374,3,25000.0,25000.0,2026-09-30,PAID
375,7,25000.0,25000.0,2026-09-30,PAID
375,8,25000.0,25000.0,2026-09-30,PAID
376,5,25000.0,25000.0,2026-09-30,PAID
376,6,25000.0,25000.0,2026-09-30,PAID
377,1,25000.0,13568.4,2026-09-30,PARTIAL
377,2,25000.0,5726.7,2026-09-30,PARTIAL
378,7,25000.0,25000.0,2026-09-30,PAID
378,8,25000.0,25000.0,2026-09-30,PAID
379,4,25000.0,25000.0,2026-09-30,PAID
379,5,25000.0,25000.0,2026-09-30,PAID
380,5,25000.0,25000.0,2026-09-30,PAID
380,6,25000.0,25000.0,2026-09-30,PAID
381,6,25000.0,25000.0,2026-09-30,PAID
381,7,25000.0,0.0,2026-09-30,PENDING
382,4,25000.0,10394.06,2026-09-30,PARTIAL
382,5,25000.0,25000.0,2026-09-30,PAID
383,1,25000.0,25000.0,2026-09-30,PAID
384,4,25000.0,10531.38,2026-09-30,PARTIAL
384,5,25000.0,25000.0,2026-09-30,PAID
385,6,25000.0,25000.0,2026-09-30,PAID
385,7,25000.0,25000.0,2026-09-30,PAID
386,4,25000.0,25000.0,2026-09-30,PAID
386,5,25000.0,25000.0,2026-09-30,PAID
387,5,25000.0,25000.0,2026-09-30,PAID
387,6,25000.0,25000.0,2026-09-30,PAID
388,6,25000.0,10430.88,2026-09-30,PARTIAL
388,7,25000.0,5988.42,2026-09-30,PARTIAL
389,7,25000.0,25000.0,2026-09-30,PAID
389,8,25000.0,25000.0,2026-09-30,PAID
390,4,25000.0,25000.0,2026-09-30,PAID
390,5,25000.0,25000.0,2026-09-30,PAID
391,4,25000.0,25000.0,2026-09-30,PAID
391,5,25000.0,25000.0,2026-09-30,PAID
392,1,25000.0,25000.0,2026-09-30,PAID
393,3,25000.0,25000.0,2026-09-30,PAID
393,4,25000.0,25000.0,2026-09-30,PAID
394,1,25000.0,13614.1,2026-09-30,PARTIAL
394,2,25000.0,25000.0,2026-09-30,PAID
395,1,25000.0,25000.0,2026-09-30,PAID
396,3,25000.0,10300.7,2026-09-30,PARTIAL
396,4,25000.0,25000.0,2026-09-30,PAID
397,1,25000.0,25000.0,2026-09-30,PAID
398,5,25000.0,25000.0,2026-09-30,PAID
398,6,25000.0,25000.0,2026-09-30,PAID
399,5,25000.0,25000.0,2026-09-30,PAID
399,6,25000.0,25000.0,2026-09-30,PAID
400,2,25000.0,25000.0,2026-09-30,PAID
400,3,25000.0,25000.0,2026-09-30,PAID
401,5,25000.0,25000.0,2026-09-30,PAID
401,6,25000.0,25000.0,2026-09-30,PAID
402,4,25000.0,25000.0,2026-09-30,PAID
402,5,25000.0,25000.0,2026-09-30,PAID
403,4,25000.0,0.0,2026-09-30,PENDING
403,5,25000.0,0.0,2026-09-30,PENDING
404,4,25000.0,25000.0,2026-09-30,PAID
404,5,25000.0,25000.0,2026-09-30,PAID
405,1,25000.0,13575.45,2026-09-30,PARTIAL
405,2,25000.0,9086.5,2026-09-30,PARTIAL
406,1,25000.0,25000.0,2026-09-30,PAID
407,2,25000.0,25000.0,2026-09-30,PAID
407,3,25000.0,17661.97,2026-09-30,PARTIAL
408,6,25000.0,25000.0,2026-09-30,PAID
408,7,25000.0,25000.0,2026-09-30,PAID
409,2,25000.0,25000.0,2026-09-30,PAID
409,3,25000.0,25000.0,2026-09-30,PAID
410,5,25000.0,13517.47,2026-09-30,PARTIAL
410,6,25000.0,16579.83,2026-09-30,PARTIAL
411,1,25000.0,25000.0,2026-09-30,PAID
411,2,25000.0,25000.0,2026-09-30,PAID
412,6,25000.0,12670.35,2026-09-30,PARTIAL
412,7,25000.0,25000.0,2026-09-30,PAID
413,2,25000.0,25000.0,2026-09-30,PAID
413,3,25000.0,25000.0,2026-09-30,PAID
414,6,25000.0,25000.0,2026-09-30,PAID
414,7,25000.0,25000.0,2026-09-30,PAID
415,3,25000.0,25000.0,2026-09-30,PAID
415,4,25000.0,25000.0,2026-09-30,PAID
416,1,25000.0,25000.0,2026-09-30,PAID
417,6,25000.0,25000.0,2026-09-30,PAID
417,7,25000.0,25000.0,2026-09-30,PAID
418,1,25000.0,0.0,2026-09-30,PENDING
418,2,25000.0,25000.0,2026-09-30,PAID
419,3,25000.0,25000.0,2026-09-30,PAID
419,4,25000.0,25000.0,2026-09-30,PAID
420,1,25000.0,25000.0,2026-09-30,PAID
420,2,25000.0,25000.0,2026-09-30,PAID
421,1,25000.0,0.0,2026-09-30,PENDING
421,2,25000.0,0.0,2026-09-30,PENDING
422,6,25000.0,25000.0,2026-09-30,PAID
422,7,25000.0,25000.0,2026-09-30,PAID
423,6,25000.0,25000.0,2026-09-30,PAID
423,7,25000.0,25000.0,2026-09-30,PAID
424,5,25000.0,25000.0,2026-09-30,PAID
424,6,25000.0,25000.0,2026-09-30,PAID
425,7,25000.0,25000.0,2026-09-30,PAID
425,8,25000.0,7345.48,2026-09-30,PARTIAL
426,6,25000.0,5787.45,2026-09-30,PARTIAL
426,7,25000.0,25000.0,2026-09-30,PAID
427,3,25000.0,25000.0,2026-09-30,PAID
427,4,25000.0,25000.0,2026-09-30,PAID
428,4,25000.0,25000.0,2026-09-30,PAID
428,5,25000.0,16860.74,2026-09-30,PARTIAL
429,3,25000.0,25000.0,2026-09-30,PAID
429,4,25000.0,25000.0,2026-09-30,PAID
430,5,25000.0,25000.0,2026-09-30,PAID
430,6,25000.0,25000.0,2026-09-30,PAID
431,1,25000.0,17615.8,2026-09-30,PARTIAL
431,2,25000.0,14707.27,2026-09-30,PARTIAL
432,6,25000.0,25000.0,2026-09-30,PAID
432,7,25000.0,25000.0,2026-09-30,PAID
433,7,25000.0,25000.0,2026-09-30,PAID
433,8,25000.0,25000.0,2026-09-30,PAID
434,5,25000.0,25000.0,2026-09-30,PAID
434,6,25000.0,13304.79,2026-09-30,PARTIAL
435,7,25000.0,25000.0,2026-09-30,PAID
435,8,25000.0,25000.0,2026-09-30,PAID
436,4,25000.0,25000.0,2026-09-30,PAID
436,5,25000.0,25000.0,2026-09-30,PAID
437,1,25000.0,25000.0,2026-09-30,PAID
437,2,25000.0,25000.0,2026-09-30,PAID
438,6,25000.0,17484.95,2026-09-30,PARTIAL
438,7,25000.0,0.0,2026-09-30,PENDING
439,5,25000.0,25000.0,2026-09-30,PAID
439,6,25000.0,25000.0,2026-09-30,PAID
440,1,25000.0,25000.0,2026-09-30,PAID
440,2,25000.0,25000.0,2026-09-30,PAID
441,7,25000.0,25000.0,2026-09-30,PAID
441,8,25000.0,25000.0,2026-09-30,PAID
442,7,25000.0,25000.0,2026-09-30,PAID
442,8,25000.0,25000.0,2026-09-30,PAID
443,2,25000.0,25000.0,2026-09-30,PAID
443,3,25000.0,0.0,2026-09-30,PENDING
444,1,25000.0,25000.0,2026-09-30,PAID
445,2,25000.0,25000.0,2026-09-30,PAID
445,3,25000.0,25000.0,2026-09-30,PAID
446,4,25000.0,25000.0,2026-09-30,PAID
446,5,25000.0,25000.0,2026-09-30,PAID
447,1,25000.0,25000.0,2026-09-30,PAID
447,2,25000.0,12457.05,2026-09-30,PARTIAL
448,2,25000.0,0.0,2026-09-30,PENDING
448,3,25000.0,25000.0,2026-09-30,PAID
449,1,25000.0,25000.0,2026-09-30,PAID
449,2,25000.0,25000.0,2026-09-30,PAID
450,6,25000.0,25000.0,2026-09-30,PAID
450,7,25000.0,25000.0,2026-09-30,PAID
451,5,25000.0,25000.0,2026-09-30,PAID
451,6,25000.0,25000.0,2026-09-30,PAID
452,1,25000.0,13299.28,2026-09-30,PARTIAL
452,2,25000.0,25000.0,2026-09-30,PAID
453,3,25000.0,9285.53,2026-09-30,PARTIAL
453,4,25000.0,25000.0,2026-09-30,PAID
454,5,25000.0,25000.0,2026-09-30,PAID
454,6,25000.0,25000.0,2026-09-30,PAID
455,3,25000.0,6031.15,2026-09-30,PARTIAL
455,4,25000.0,25000.0,2026-09-30,PAID
456,1,25000.0,25000.0,2026-09-30,PAID
457,6,25000.0,9441.77,2026-09-30,PARTIAL
457,7,25000.0,0.0,2026-09-30,PENDING
458,1,25000.0,25000.0,2026-09-30,PAID
458,2,25000.0,25000.0,2026-09-30,PAID
459,3,25000.0,13127.51,2026-09-30,PARTIAL
459,4,25000.0,25000.0,2026-09-30,PAID
460,1,25000.0,0.0,2026-09-30,PENDING
460,2,25000.0,17536.89,2026-09-30,PARTIAL
461,2,25000.0,25000.0,2026-09-30,PAID
461,3,25000.0,25000.0,2026-09-30,PAID
462,2,25000.0,25000.0,2026-09-30,PAID
462,3,25000.0,16580.77,2026-09-30,PARTIAL
463,3,25000.0,0.0,2026-09-30,PENDING
463,4,25000.0,9997.3,2026-09-30,PARTIAL
464,5,25000.0,25000.0,2026-09-30,PAID
464,6,25000.0,25000.0,2026-09-30,PAID
465,1,25000.0,25000.0,2026-09-30,PAID
465,2,25000.0,25000.0,2026-09-30,PAID
466,1,25000.0,10864.05,2026-09-30,PARTIAL
466,2,25000.0,25000.0,2026-09-30,PAID
467,6,25000.0,25000.0,2026-09-30,PAID
467,7,25000.0,25000.0,2026-09-30,PAID
468,4,25000.0,9417.89,2026-09-30,PARTIAL
468,5,25000.0,9861.22,2026-09-30,PARTIAL
469,2,25000.0,25000.0,2026-09-30,PAID
469,3,25000.0,25000.0,2026-09-30,PAID
470,4,25000.0,25000.0,2026-09-30,PAID
470,5,25000.0,6846.22,2026-09-30,PARTIAL
471,7,25000.0,25000.0,2026-09-30,PAID
471,8,25000.0,25000.0,2026-09-30,PAID
472,1,25000.0,25000.0,2026-09-30,PAID
473,5,25000.0,25000.0,2026-09-30,PAID
473,6,25000.0,25000.0,2026-09-30,PAID
474,4,25000.0,25000.0,2026-09-30,PAID
474,5,25000.0,25000.0,2026-09-30,PAID
475,1,25000.0,25000.0,2026-09-30,PAID
475,2,25000.0,25000.0,2026-09-30,PAID
476,4,25000.0,25000.0,2026-09-30,PAID
476,5,25000.0,25000.0,2026-09-30,PAID
477,6,25000.0,25000.0,2026-09-30,PAID
477,7,25000.0,25000.0,2026-09-30,PAID
478,6,25000.0,25000.0,2026-09-30,PAID
478,7,25000.0,25000.0,2026-09-30,PAID
479,4,25000.0,25000.0,2026-09-30,PAID
479,5,25000.0,25000.0,2026-09-30,PAID
480,3,25000.0,25000.0,2026-09-30,PAID
480,4,25000.0,25000.0,2026-09-30,PAID
481,7,25000.0,25000.0,2026-09-30,PAID
481,8,25000.0,25000.0,2026-09-30,PAID
482,2,25000.0,25000.0,2026-09-30,PAID
482,3,25000.0,25000.0,2026-09-30,PAID
483,7,25000.0,25000.0,2026-09-30,PAID
483,8,25000.0,25000.0,2026-09-30,PAID
484,4,25000.0,25000.0,2026-09-30,PAID
484,5,25000.0,25000.0,2026-09-30,PAID
485,6,25000.0,25000.0,2026-09-30,PAID
485,7,25000.0,25000.0,2026-09-30,PAID
486,3,25000.0,25000.0,2026-09-30,PAID
486,4,25000.0,25000.0,2026-09-30,PAID
487,6,25000.0,25000.0,2026-09-30,PAID
487,7,25000.0,25000.0,2026-09-30,PAID
488,2,25000.0,25000.0,2026-09-30,PAID
488,3,25000.0,25000.0,2026-09-30,PAID
489,1,25000.0,10423.5,2026-09-30,PARTIAL
490,2,25000.0,25000.0,2026-09-30,PAID
490,3,25000.0,25000.0,2026-09-30,PAID
491,1,25000.0,25000.0,2026-09-30,PAID
492,6,25000.0,25000.0,2026-09-30,PAID
492,7,25000.0,25000.0,2026-09-30,PAID
493,7,25000.0,13580.79,2026-09-30,PARTIAL
493,8,25000.0,25000.0,2026-09-30,PAID
494,4,25000.0,25000.0,2026-09-30,PAID
494,5,25000.0,25000.0,2026-09-30,PAID
495,5,25000.0,10345.93,2026-09-30,PARTIAL
495,6,25000.0,8562.69,2026-09-30,PARTIAL
496,4,25000.0,16786.99,2026-09-30,PARTIAL
496,5,25000.0,0.0,2026-09-30,PENDING
497,1,25000.0,25000.0,2026-09-30,PAID
497,2,25000.0,25000.0,2026-09-30,PAID
498,2,25000.0,25000.0,2026-09-30,PAID
498,3,25000.0,25000.0,2026-09-30,PAID
499,5,25000.0,25000.0,2026-09-30,PAID
499,6,25000.0,25000.0,2026-09-30,PAID
500,1,25000.0,25000.0,2026-09-30,PAID
