student_id,roll_number,name,department,semester,enrollment_year,guardian_name,guardian_phone,guardian_email,mentor_id,trajectory_type,dropout_label
1,EEE20260001,Student 0001,EEE,6,2023,Guardian 0001,+919000000001,guardian0001@example.test,9,RAPIDLY_DETERIORATING,0
2,EEE20260002,Student 0002,EEE,7,2022,Guardian 0002,+919000000002,guardian0002@example.test,8,IMPROVING,0
3,ECE20260003,Student 0003,ECE,7,2022,Guardian 0003,+919000000003,guardian0003@example.test,4,ACADEMIC_DISTRESS_ONLY,0
4,ECE20260004,Student 0004,ECE,4,2024,Guardian 0004,+919000000004,guardian0004@example.test,8,GRADUALLY_DETERIORATING,1
5,CSE20260005,Student 0005,CSE,1,2025,Guardian 0005,+919000000005,guardian0005@example.test,14,STABLE,0
6,EEE20260006,Student 0006,EEE,1,2025,Guardian 0006,+919000000006,guardian0006@example.test,5,FINANCIAL_CONTEXT_ONLY,0
7,ME20260007,Student 0007,ME,2,2025,Guardian 0007,+919000000007,guardian0007@example.test,11,RAPIDLY_DETERIORATING,1
8,ECE20260008,Student 0008,ECE,8,2022,Guardian 0008,+919000000008,guardian0008@example.test,1,RAPIDLY_DETERIORATING,1
9,CE20260009,Student 0009,CE,7,2022,Guardian 0009,+919000000009,guardian0009@example.test,7,STABLE,0
10,ECE20260010,Student 0010,ECE,2,2025,Guardian 0010,+919000000010,guardian0010@example.test,10,IMPROVING,0
11,ME20260011,Student 0011,ME,3,2024,Guardian 0011,+919000000011,guardian0011@example.test,8,IMPROVING,0
12,EEE20260012,Student 0012,EEE,4,2024,Guardian 0012,+919000000012,guardian0012@example.test,12,FINANCIAL_CONTEXT_ONLY,0
13,CE20260013,Student 0013,CE,6,2023,Guardian 0013,+919000000013,guardian0013@example.test,3,GRADUALLY_DETERIORATING,1
14,CE20260014,Student 0014,CE,8,2022,Guardian 0014,+919000000014,guardian0014@example.test,10,ACADEMIC_DISTRESS_ONLY,1
15,CE20260015,Student 0015,CE,2,2025,Guardian 0015,+919000000015,guardian0015@example.test,12,IMPROVING,0
16,ME20260016,Student 0016,ME,6,2023,Guardian 0016,+919000000016,guardian0016@example.test,3,STABLE,0
17,EEE20260017,Student 0017,EEE,8,2022,Guardian 0017,+919000000017,guardian0017@example.test,15,GRADUALLY_DETERIORATING,0
18,ME20260018,Student 0018,ME,7,2022,Guardian 0018,+919000000018,guardian0018@example.test,15,STABLE,0
19,ME20260019,Student 0019,ME,4,2024,Guardian 0019,+919000000019,guardian0019@example.test,13,ACADEMIC_DISTRESS_ONLY,1
20,ECE20260020,Student 0020,ECE,7,2022,Guardian 0020,+919000000020,guardian0020@example.test,12,GRADUALLY_DETERIORATING,1
21,ME20260021,Student 0021,ME,4,2024,Guardian 0021,+919000000021,guardian0021@example.test,14,RAPIDLY_DETERIORATING,1
22,CSE20260022,Student 0022,CSE,2,2025,Guardian 0022,+919000000022,guardian0022@example.test,14,IMPROVING,1
23,CE20260023,Student 0023,CE,2,2025,Guardian 0023,+919000000023,guardian0023@example.test,3,FINANCIAL_CONTEXT_ONLY,0
24,ECE20260024,Student 0024,ECE,8,2022,Guardian 0024,+919000000024,guardian0024@example.test,9,ACADEMIC_DISTRESS_ONLY,1
25,CSE20260025,Student 0025,CSE,1,2025,Guardian 0025,+919000000025,guardian0025@example.test,5,RAPIDLY_DETERIORATING,1
26,ECE20260026,Student 0026,ECE,7,2022,Guardian 0026,+919000000026,guardian0026@example.test,10,STABLE,0
27,ME20260027,Student 0027,ME,6,2023,Guardian 0027,+919000000027,guardian0027@example.test,12,IMPROVING,0
28,CE20260028,Student 0028,CE,6,2023,Guardian 0028,+919000000028,guardian0028@example.test,6,STABLE,0
29,EEE20260029,Student 0029,EEE,3,2024,Guardian 0029,+919000000029,guardian0029@example.test,14,STABLE,0
30,EEE20260030,Student 0030,EEE,5,2023,Guardian 0030,+919000000030,guardian0030@example.test,12,GRADUALLY_DETERIORATING,0
31,ECE20260031,Student 0031,ECE,5,2023,Guardian 0031,+919000000031,guardian0031@example.test,7,RAPIDLY_DETERIORATING,1
32,EEE20260032,Student 0032,EEE,1,2025,Guardian 0032,+919000000032,guardian0032@example.test,13,FINANCIAL_CONTEXT_ONLY,0
33,ME20260033,Student 0033,ME,4,2024,Guardian 0033,+919000000033,guardian0033@example.test,13,STABLE,0
34,ME20260034,Student 0034,ME,1,2025,Guardian 0034,+919000000034,guardian0034@example.test,6,IMPROVING,0
35,CE20260035,Student 0035,CE,6,2023,Guardian 0035,+919000000035,guardian0035@example.test,6,IMPROVING,0
36,CSE20260036,Student 0036,CSE,3,2024,Guardian 0036,+919000000036,guardian0036@example.test,3,STABLE,1
37,CE20260037,Student 0037,CE,8,2022,Guardian 0037,+919000000037,guardian0037@example.test,11,STABLE,0
38,ME20260038,Student 0038,ME,2,2025,Guardian 0038,+919000000038,guardian0038@example.test,9,IMPROVING,1
39,ME20260039,Student 0039,ME,3,2024,Guardian 0039,+919000000039,guardian0039@example.test,3,STABLE,0
40,CE20260040,Student 0040,CE,6,2023,Guardian 0040,+919000000040,guardian0040@example.test,15,GRADUALLY_DETERIORATING,0
41,EEE20260041,Student 0041,EEE,4,2024,Guardian 0041,+919000000041,guardian0041@example.test,15,IMPROVING,0
42,CE20260042,Student 0042,CE,5,2023,Guardian 0042,+919000000042,guardian0042@example.test,11,ACADEMIC_DISTRESS_ONLY,0
43,CE20260043,Student 0043,CE,7,2022,Guardian 0043,+919000000043,guardian0043@example.test,7,RAPIDLY_DETERIORATING,1
44,EEE20260044,Student 0044,EEE,5,2023,Guardian 0044,+919000000044,guardian0044@example.test,11,STABLE,0
45,CE20260045,Student 0045,CE,5,2023,Guardian 0045,+919000000045,guardian0045@example.test,15,ACADEMIC_DISTRESS_ONLY,0
46,CE20260046,Student 0046,CE,1,2025,Guardian 0046,+919000000046,guardian0046@example.test,15,RAPIDLY_DETERIORATING,1
47,EEE20260047,Student 0047,EEE,6,2023,Guardian 0047,+919000000047,guardian0047@example.test,15,IMPROVING,0
48,CE20260048,Student 0048,CE,1,2025,Guardian 0048,+919000000048,guardian0048@example.test,2,STABLE,0
49,ME20260049,Student 0049,ME,7,2022,Guardian 0049,+919000000049,guardian0049@example.test,15,GRADUALLY_DETERIORATING,0
50,ME20260050,Student 0050,ME,7,2022,Guardian 0050,+919000000050,guardian0050@example.test,7,STABLE,0
51,ECE20260051,Student 0051,ECE,4,2024,Guardian 0051,+919000000051,guardian0051@example.test,2,STABLE,0
52,CE20260052,Student 0052,CE,2,2025,Guardian 0052,+919000000052,guardian0052@example.test,9,STABLE,0
53,ECE20260053,Student 0053,ECE,8,2022,Guardian 0053,+919000000053,guardian0053@example.test,7,RAPIDLY_DETERIORATING,1
54,EEE20260054,Student 0054,EEE,1,2025,Guardian 0054,+919000000054,guardian0054@example.test,6,GRADUALLY_DETERIORATING,1
55,ECE20260055,Student 0055,ECE,1,2025,Guardian 0055,+919000000055,guardian0055@example.test,14,RAPIDLY_DETERIORATING,1
56,CE20260056,Student 0056,CE,6,2023,Guardian 0056,+919000000056,guardian0056@example.test,12,RAPIDLY_DETERIORATING,0
57,CE20260057,Student 0057,CE,6,2023,Guardian 0057,+919000000057,guardian0057@example.test,6,IMPROVING,1
58,EEE20260058,Student 0058,EEE,8,2022,Guardian 0058,+919000000058,guardian0058@example.test,4,GRADUALLY_DETERIORATING,0
59,ECE20260059,Student 0059,ECE,7,2022,Guardian 0059,+919000000059,guardian0059@example.test,7,STABLE,0
60,CSE20260060,Student 0060,CSE,3,2024,Guardian 0060,+919000000060,guardian0060@example.test,11,STABLE,1
61,CE20260061,Student 0061,CE,4,2024,Guardian 0061,+919000000061,guardian0061@example.test,11,GRADUALLY_DETERIORATING,0
62,EEE20260062,Student 0062,EEE,3,2024,Guardian 0062,+919000000062,guardian0062@example.test,4,IMPROVING,0
63,ME20260063,Student 0063,ME,3,2024,Guardian 0063,+919000000063,guardian0063@example.test,12,GRADUALLY_DETERIORATING,1
64,EEE20260064,Student 0064,EEE,6,2023,Guardian 0064,+919000000064,guardian0064@example.test,9,RAPIDLY_DETERIORATING,1
65,CSE20260065,Student 0065,CSE,3,2024,Guardian 0065,+919000000065,guardian0065@example.test,9,GRADUALLY_DETERIORATING,1
66,EEE20260066,Student 0066,EEE,6,2023,Guardian 0066,+919000000066,guardian0066@example.test,2,GRADUALLY_DETERIORATING,1
67,ME20260067,Student 0067,ME,6,2023,Guardian 0067,+919000000067,guardian0067@example.test,7,GRADUALLY_DETERIORATING,0
68,EEE20260068,Student 0068,EEE,6,2023,Guardian 0068,+919000000068,guardian0068@example.test,5,STABLE,0
69,ME20260069,Student 0069,ME,2,2025,Guardian 0069,+919000000069,guardian0069@example.test,2,STABLE,0
70,ME20260070,Student 0070,ME,7,2022,Guardian 0070,+919000000070,guardian0070@example.test,11,IMPROVING,0
71,CSE20260071,Student 0071,CSE,4,2024,Guardian 0071,+919000000071,guardian0071@example.test,8,STABLE,0
72,EEE20260072,Student 0072,EEE,3,2024,Guardian 0072,+919000000072,guardian0072@example.test,3,IMPROVING,0
73,CSE20260073,Student 0073,CSE,1,2025,Guardian 0073,+919000000073,guardian0073@example.test,6,ACADEMIC_DISTRESS_ONLY,1
74,ECE20260074,Student 0074,ECE,3,2024,Guardian 0074,+919000000074,guardian0074@example.test,7,STABLE,0
75,EEE20260075,Student 0075,EEE,3,2024,Guardian 0075,+919000000075,guardian0075@example.test,7,STABLE,0
76,ME20260076,Student 0076,ME,8,2022,Guardian 0076,+919000000076,guardian0076@example.test,12,STABLE,0
77,EEE20260077,Student 0077,EEE,3,2024,Guardian 0077,+919000000077,guardian0077@example.test,6,STABLE,0
78,EEE20260078,Student 0078,EEE,5,2023,Guardian 0078,+919000000078,guardian0078@example.test,5,GRADUALLY_DETERIORATING,0
79,ECE20260079,Student 0079,ECE,5,2023,Guardian 0079,+919000000079,guardian0079@example.test,15,GRADUALLY_DETERIORATING,0
80,CE20260080,Student 0080,CE,5,2023,Guardian 0080,+919000000080,guardian0080@example.test,10,RAPIDLY_DETERIORATING,1
81,EEE20260081,Student 0081,EEE,2,2025,Guardian 0081,+919000000081,guardian0081@example.test,5,GRADUALLY_DETERIORATING,1
82,ECE20260082,Student 0082,ECE,3,2024,Guardian 0082,+919000000082,guardian0082@example.test,14,IMPROVING,0
83,CSE20260083,Student 0083,CSE,5,2023,Guardian 0083,+919000000083,guardian0083@example.test,4,RAPIDLY_DETERIORATING,1
84,CE20260084,Student 0084,CE,6,2023,Guardian 0084,+919000000084,guardian0084@example.test,7,STABLE,0
85,EEE20260085,Student 0085,EEE,8,2022,Guardian 0085,+919000000085,guardian0085@example.test,9,STABLE,0
86,CE20260086,Student 0086,CE,6,2023,Guardian 0086,+919000000086,guardian0086@example.test,14,STABLE,0
87,ME20260087,Student 0087,ME,2,2025,Guardian 0087,+919000000087,guardian0087@example.test,3,RAPIDLY_DETERIORATING,1
88,ME20260088,Student 0088,ME,4,2024,Guardian 0088,+919000000088,guardian0088@example.test,10,IMPROVING,0
89,CE20260089,Student 0089,CE,5,2023,Guardian 0089,+919000000089,guardian0089@example.test,15,STABLE,0
90,ME20260090,Student 0090,ME,8,2022,Guardian 0090,+919000000090,guardian0090@example.test,15,GRADUALLY_DETERIORATING,1
91,ECE20260091,Student 0091,ECE,1,2025,Guardian 0091,+919000000091,guardian0091@example.test,1,STABLE,0
92,ECE20260092,Student 0092,ECE,8,2022,Guardian 0092,+919000000092,guardian0092@example.test,7,GRADUALLY_DETERIORATING,1
93,CE20260093,Student 0093,CE,3,2024,Guardian 0093,+919000000093,guardian0093@example.test,1,IMPROVING,0
94,CSE20260094,Student 0094,CSE,6,2023,Guardian 0094,+919000000094,guardian0094@example.test,6,IMPROVING,0
95,EEE20260095,Student 0095,EEE,6,2023,Guardian 0095,+919000000095,guardian0095@example.test,7,STABLE,0
96,ECE20260096,Student 0096,ECE,4,2024,Guardian 0096,+919000000096,guardian0096@example.test,6,GRADUALLY_DETERIORATING,1
97,CSE20260097,Student 0097,CSE,1,2025,Guardian 0097,+919000000097,guardian0097@example.test,5,IMPROVING,0
98,CSE20260098,Student 0098,CSE,2,2025,Guardian 0098,+919000000098,guardian0098@example.test,1,STABLE,0
99,ECE20260099,Student 0099,ECE,4,2024,Guardian 0099,+919000000099,guardian0099@example.test,1,STABLE,0
100,ECE20260100,Student 0100,ECE,5,2023,Guardian 0100,+919000000100,guardian0100@example.test,12,FINANCIAL_CONTEXT_ONLY,0
101,ME20260101,Student 0101,ME,3,2024,Guardian 0101,+919000000101,guardian0101@example.test,4,ACADEMIC_DISTRESS_ONLY,1
102,ECE20260102,Student 0102,ECE,8,2022,Guardian 0102,+919000000102,guardian0102@example.test,8,GRADUALLY_DETERIORATING,0
103,ECE20260103,Student 0103,ECE,2,2025,Guardian 0103,+919000000103,guardian0103@example.test,12,STABLE,0
104,ECE20260104,Student 0104,ECE,4,2024,Guardian 0104,+919000000104,guardian0104@example.test,1,FINANCIAL_CONTEXT_ONLY,0
105,EEE20260105,Student 0105,EEE,6,2023,Guardian 0105,+919000000105,guardian0105@example.test,3,RAPIDLY_DETERIORATING,1
106,CSE20260106,Student 0106,CSE,3,2024,Guardian 0106,+919000000106,guardian0106@example.test,3,RAPIDLY_DETERIORATING,0
107,CSE20260107,Student 0107,CSE,1,2025,Guardian 0107,+919000000107,guardian0107@example.test,14,IMPROVING,1
108,CSE20260108,Student 0108,CSE,2,2025,Guardian 0108,+919000000108,guardian0108@example.test,2,STABLE,0
109,ME20260109,Student 0109,ME,2,2025,Guardian 0109,+919000000109,guardian0109@example.test,2,STABLE,0
110,ME20260110,Student 0110,ME,6,2023,Guardian 0110,+919000000110,guardian0110@example.test,13,ACADEMIC_DISTRESS_ONLY,1
111,ECE20260111,Student 0111,ECE,7,2022,Guardian 0111,+919000000111,guardian0111@example.test,8,IMPROVING,0
112,CE20260112,Student 0112,CE,8,2022,Guardian 0112,+919000000112,guardian0112@example.test,12,STABLE,0
113,ECE20260113,Student 0113,ECE,3,2024,Guardian 0113,+919000000113,guardian0113@example.test,4,STABLE,0
114,EEE20260114,Student 0114,EEE,8,2022,Guardian 0114,+919000000114,guardian0114@example.test,10,GRADUALLY_DETERIORATING,0
115,CSE20260115,Student 0115,CSE,3,2024,Guardian 0115,+919000000115,guardian0115@example.test,12,STABLE,0
116,EEE20260116,Student 0116,EEE,5,2023,Guardian 0116,+919000000116,guardian0116@example.test,12,ACADEMIC_DISTRESS_ONLY,0
117,ECE20260117,Student 0117,ECE,2,2025,Guardian 0117,+919000000117,guardian0117@example.test,8,RAPIDLY_DETERIORATING,1
118,ME20260118,Student 0118,ME,7,2022,Guardian 0118,+919000000118,guardian0118@example.test,2,RAPIDLY_DETERIORATING,1
119,CE20260119,Student 0119,CE,3,2024,Guardian 0119,+919000000119,guardian0119@example.test,6,IMPROVING,0
120,CSE20260120,Student 0120,CSE,6,2023,Guardian 0120,+919000000120,guardian0120@example.test,11,GRADUALLY_DETERIORATING,0
121,ECE20260121,Student 0121,ECE,6,2023,Guardian 0121,+919000000121,guardian0121@example.test,13,GRADUALLY_DETERIORATING,0
122,ECE20260122,Student 0122,ECE,2,2025,Guardian 0122,+919000000122,guardian0122@example.test,9,GRADUALLY_DETERIORATING,1
123,CE20260123,Student 0123,CE,2,2025,Guardian 0123,+919000000123,guardian0123@example.test,11,STABLE,0
124,CE20260124,Student 0124,CE,7,2022,Guardian 0124,+919000000124,guardian0124@example.test,8,IMPROVING,0
125,ECE20260125,Student 0125,ECE,1,2025,Guardian 0125,+919000000125,guardian0125@example.test,14,STABLE,0
126,CSE20260126,Student 0126,CSE,5,2023,Guardian 0126,+919000000126,guardian0126@example.test,9,IMPROVING,0
127,ME20260127,Student 0127,ME,8,2022,Guardian 0127,+919000000127,guardian0127@example.test,2,STABLE,0
128,EEE20260128,Student 0128,EEE,2,2025,Guardian 0128,+919000000128,guardian0128@example.test,10,STABLE,0
129,CE20260129,Student 0129,CE,1,2025,Guardian 0129,+919000000129,guardian0129@example.test,7,STABLE,0
130,ME20260130,Student 0130,ME,3,2024,Guardian 0130,+919000000130,guardian0130@example.test,10,GRADUALLY_DETERIORATING,0
131,CSE20260131,Student 0131,CSE,1,2025,Guardian 0131,+919000000131,guardian0131@example.test,1,STABLE,0
132,ME20260132,Student 0132,ME,7,2022,Guardian 0132,+919000000132,guardian0132@example.test,14,FINANCIAL_CONTEXT_ONLY,0
133,CE20260133,Student 0133,CE,5,2023,Guardian 0133,+919000000133,guardian0133@example.test,3,GRADUALLY_DETERIORATING,1
134,ME20260134,Student 0134,ME,7,2022,Guardian 0134,+919000000134,guardian0134@example.test,11,STABLE,0
135,CE20260135,Student 0135,CE,5,2023,Guardian 0135,+919000000135,guardian0135@example.test,5,GRADUALLY_DETERIORATING,0
136,CE20260136,Student 0136,CE,2,2025,Guardian 0136,+919000000136,guardian0136@example.test,7,STABLE,0
137,EEE20260137,Student 0137,EEE,1,2025,Guardian 0137,+919000000137,guardian0137@example.test,1,FINANCIAL_CONTEXT_ONLY,0
138,CE20260138,Student 0138,CE,4,2024,Guardian 0138,+919000000138,guardian0138@example.test,7,IMPROVING,0
139,CE20260139,Student 0139,CE,8,2022,Guardian 0139,+919000000139,guardian0139@example.test,10,RAPIDLY_DETERIORATING,1
140,ECE20260140,Student 0140,ECE,4,2024,Guardian 0140,+919000000140,guardian0140@example.test,3,STABLE,0
141,ECE20260141,Student 0141,ECE,2,2025,Guardian 0141,+919000000141,guardian0141@example.test,11,IMPROVING,0
142,CSE20260142,Student 0142,CSE,8,2022,Guardian 0142,+919000000142,guardian0142@example.test,14,IMPROVING,0
143,ECE20260143,Student 0143,ECE,4,2024,Guardian 0143,+919000000143,guardian0143@example.test,14,FINANCIAL_CONTEXT_ONLY,0
144,CE20260144,Student 0144,CE,6,2023,Guardian 0144,+919000000144,guardian0144@example.test,6,GRADUALLY_DETERIORATING,1
145,CSE20260145,Student 0145,CSE,6,2023,Guardian 0145,+919000000145,guardian0145@example.test,10,IMPROVING,0
146,CE20260146,Student 0146,CE,8,2022,Guardian 0146,+919000000146,guardian0146@example.test,9,STABLE,0
147,CE20260147,Student 0147,CE,8,2022,Guardian 0147,+919000000147,guardian0147@example.test,11,STABLE,0
148,EEE20260148,Student 0148,EEE,5,2023,Guardian 0148,+919000000148,guardian0148@example.test,2,GRADUALLY_DETERIORATING,1
149,ME20260149,Student 0149,ME,6,2023,Guardian 0149,+919000000149,guardian0149@example.test,7,IMPROVING,0
150,CSE20260150,Student 0150,CSE,8,2022,Guardian 0150,+919000000150,guardian0150@example.test,6,STABLE,0
151,EEE20260151,Student 0151,EEE,8,2022,Guardian 0151,+919000000151,guardian0151@example.test,10,ACADEMIC_DISTRESS_ONLY,1
152,ECE20260152,Student 0152,ECE,3,2024,Guardian 0152,+919000000152,guardian0152@example.test,10,ACADEMIC_DISTRESS_ONLY,1
153,ECE20260153,Student 0153,ECE,4,2024,Guardian 0153,+919000000153,guardian0153@example.test,1,STABLE,0
154,CE20260154,Student 0154,CE,5,2023,Guardian 0154,+919000000154,guardian0154@example.test,8,GRADUALLY_DETERIORATING,1
155,ECE20260155,Student 0155,ECE,4,2024,Guardian 0155,+919000000155,guardian0155@example.test,6,STABLE,0
156,ECE20260156,Student 0156,ECE,3,2024,Guardian 0156,+919000000156,guardian0156@example.test,3,GRADUALLY_DETERIORATING,0
157,CSE20260157,Student 0157,CSE,3,2024,Guardian 0157,+919000000157,guardian0157@example.test,1,STABLE,0
158,EEE20260158,Student 0158,EEE,2,2025,Guardian 0158,+919000000158,guardian0158@example.test,2,GRADUALLY_DETERIORATING,0
159,ME20260159,Student 0159,ME,8,2022,Guardian 0159,+919000000159,guardian0159@example.test,6,RAPIDLY_DETERIORATING,1
160,ECE20260160,Student 0160,ECE,8,2022,Guardian 0160,+919000000160,guardian0160@example.test,3,RAPIDLY_DETERIORATING,1
161,CSE20260161,Student 0161,CSE,4,2024,Guardian 0161,+919000000161,guardian0161@example.test,7,STABLE,0
162,ECE20260162,Student 0162,ECE,1,2025,Guardian 0162,+919000000162,guardian0162@example.test,8,ACADEMIC_DISTRESS_ONLY,0
163,ECE20260163,Student 0163,ECE,6,2023,Guardian 0163,+919000000163,guardian0163@example.test,11,STABLE,0
164,ME20260164,Student 0164,ME,2,2025,Guardian 0164,+919000000164,guardian0164@example.test,4,STABLE,0
165,ECE20260165,Student 0165,ECE,7,2022,Guardian 0165,+919000000165,guardian0165@example.test,5,GRADUALLY_DETERIORATING,0
166,EEE20260166,Student 0166,EEE,1,2025,Guardian 0166,+919000000166,guardian0166@example.test,15,IMPROVING,0
167,ECE20260167,Student 0167,ECE,8,2022,Guardian 0167,+919000000167,guardian0167@example.test,9,ACADEMIC_DISTRESS_ONLY,1
168,CSE20260168,Student 0168,CSE,8,2022,Guardian 0168,+919000000168,guardian0168@example.test,5,RAPIDLY_DETERIORATING,1
169,ME20260169,Student 0169,ME,1,2025,Guardian 0169,+919000000169,guardian0169@example.test,13,STABLE,0
170,EEE20260170,Student 0170,EEE,4,2024,Guardian 0170,+919000000170,guardian0170@example.test,9,FINANCIAL_CONTEXT_ONLY,0
171,CSE20260171,Student 0171,CSE,3,2024,Guardian 0171,+919000000171,guardian0171@example.test,7,STABLE,0
172,CSE20260172,Student 0172,CSE,3,2024,Guardian 0172,+919000000172,guardian0172@example.test,9,GRADUALLY_DETERIORATING,0
173,CE20260173,Student 0173,CE,3,2024,Guardian 0173,+919000000173,guardian0173@example.test,13,STABLE,0
174,ECE20260174,Student 0174,ECE,1,2025,Guardian 0174,+919000000174,guardian0174@example.test,12,FINANCIAL_CONTEXT_ONLY,0
175,CSE20260175,Student 0175,CSE,2,2025,Guardian 0175,+919000000175,guardian0175@example.test,10,STABLE,0
176,EEE20260176,Student 0176,EEE,2,2025,Guardian 0176,+919000000176,guardian0176@example.test,14,STABLE,0
177,ECE20260177,Student 0177,ECE,3,2024,Guardian 0177,+919000000177,guardian0177@example.test,3,IMPROVING,0
178,EEE20260178,Student 0178,EEE,6,2023,Guardian 0178,+919000000178,guardian0178@example.test,7,FINANCIAL_CONTEXT_ONLY,0
179,CSE20260179,Student 0179,CSE,2,2025,Guardian 0179,+919000000179,guardian0179@example.test,14,ACADEMIC_DISTRESS_ONLY,0
180,CE20260180,Student 0180,CE,5,2023,Guardian 0180,+919000000180,guardian0180@example.test,14,RAPIDLY_DETERIORATING,1
181,ME20260181,Student 0181,ME,5,2023,Guardian 0181,+919000000181,guardian0181@example.test,11,ACADEMIC_DISTRESS_ONLY,1
182,ECE20260182,Student 0182,ECE,3,2024,Guardian 0182,+919000000182,guardian0182@example.test,3,ACADEMIC_DISTRESS_ONLY,0
183,CSE20260183,Student 0183,CSE,8,2022,Guardian 0183,+919000000183,guardian0183@example.test,1,GRADUALLY_DETERIORATING,1
184,CE20260184,Student 0184,CE,3,2024,Guardian 0184,+919000000184,guardian0184@example.test,8,STABLE,0
185,ECE20260185,Student 0185,ECE,5,2023,Guardian 0185,+919000000185,guardian0185@example.test,13,RAPIDLY_DETERIORATING,1
186,ME20260186,Student 0186,ME,3,2024,Guardian 0186,+919000000186,guardian0186@example.test,2,GRADUALLY_DETERIORATING,0
187,CSE20260187,Student 0187,CSE,4,2024,Guardian 0187,+919000000187,guardian0187@example.test,13,IMPROVING,0
188,EEE20260188,Student 0188,EEE,3,2024,Guardian 0188,+919000000188,guardian0188@example.test,9,STABLE,0
189,CSE20260189,Student 0189,CSE,3,2024,Guardian 0189,+919000000189,guardian0189@example.test,14,RAPIDLY_DETERIORATING,1
190,CSE20260190,Student 0190,CSE,2,2025,Guardian 0190,+919000000190,guardian0190@example.test,14,STABLE,0
191,EEE20260191,Student 0191,EEE,5,2023,Guardian 0191,+919000000191,guardian0191@example.test,2,FINANCIAL_CONTEXT_ONLY,0
192,ME20260192,Student 0192,ME,5,2023,Guardian 0192,+919000000192,guardian0192@example.test,8,STABLE,0
193,EEE20260193,Student 0193,EEE,8,2022,Guardian 0193,+919000000193,guardian0193@example.test,3,STABLE,0
194,EEE20260194,Student 0194,EEE,3,2024,Guardian 0194,+919000000194,guardian0194@example.test,8,ACADEMIC_DISTRESS_ONLY,1
195,EEE20260195,Student 0195,EEE,8,2022,Guardian 0195,+919000000195,guardian0195@example.test,11,STABLE,0
196,ECE20260196,Student 0196,ECE,8,2022,Guardian 0196,+919000000196,guardian0196@example.test,6,STABLE,0
197,CE20260197,Student 0197,CE,5,2023,Guardian 0197,+919000000197,guardian0197@example.test,1,GRADUALLY_DETERIORATING,0
198,CE20260198,Student 0198,CE,7,2022,Guardian 0198,+919000000198,guardian0198@example.test,4,ACADEMIC_DISTRESS_ONLY,0
199,ME20260199,Student 0199,ME,4,2024,Guardian 0199,+919000000199,guardian0199@example.test,5,STABLE,1
200,CE20260200,Student 0200,CE,5,2023,Guardian 0200,+919000000200,guardian0200@example.test,15,STABLE,0
201,EEE20260201,Student 0201,EEE,1,2025,Guardian 0201,+919000000201,guardian0201@example.test,6,RAPIDLY_DETERIORATING,1
202,ME20260202,Student 0202,ME,4,2024,Guardian 0202,+919000000202,guardian0202@example.test,3,FINANCIAL_CONTEXT_ONLY,0
203,ME20260203,Student 0203,ME,4,2024,Guardian 0203,+919000000203,guardian0203@example.test,3,GRADUALLY_DETERIORATING,1
204,EEE20260204,Student 0204,EEE,4,2024,Guardian 0204,+919000000204,guardian0204@example.test,11,STABLE,0
205,ECE20260205,Student 0205,ECE,6,2023,Guardian 0205,+919000000205,guardian0205@example.test,10,STABLE,0
206,ME20260206,Student 0206,ME,5,2023,Guardian 0206,+919000000206,guardian0206@example.test,15,STABLE,0
207,ME20260207,Student 0207,ME,2,2025,Guardian 0207,+919000000207,guardian0207@example.test,2,STABLE,0
208,CE20260208,Student 0208,CE,5,2023,Guardian 0208,+919000000208,guardian0208@example.test,1,GRADUALLY_DETERIORATING,1
209,ECE20260209,Student 0209,ECE,8,2022,Guardian 0209,+919000000209,guardian0209@example.test,12,STABLE,0
210,CE20260210,Student 0210,CE,4,2024,Guardian 0210,+919000000210,guardian0210@example.test,8,GRADUALLY_DETERIORATING,0
211,CSE20260211,Student 0211,CSE,3,2024,Guardian 0211,+919000000211,guardian0211@example.test,6,GRADUALLY_DETERIORATING,1
212,EEE20260212,Student 0212,EEE,6,2023,Guardian 0212,+919000000212,guardian0212@example.test,12,GRADUALLY_DETERIORATING,1
213,EEE20260213,Student 0213,EEE,5,2023,Guardian 0213,+919000000213,guardian0213@example.test,3,STABLE,0
214,CE20260214,Student 0214,CE,6,2023,Guardian 0214,+919000000214,guardian0214@example.test,14,RAPIDLY_DETERIORATING,1
215,CSE20260215,Student 0215,CSE,6,2023,Guardian 0215,+919000000215,guardian0215@example.test,7,RAPIDLY_DETERIORATING,1
216,ECE20260216,Student 0216,ECE,4,2024,Guardian 0216,+919000000216,guardian0216@example.test,7,RAPIDLY_DETERIORATING,1
217,EEE20260217,Student 0217,EEE,1,2025,Guardian 0217,+919000000217,guardian0217@example.test,5,STABLE,0
218,CE20260218,Student 0218,CE,6,2023,Guardian 0218,+919000000218,guardian0218@example.test,10,STABLE,1
219,EEE20260219,Student 0219,EEE,3,2024,Guardian 0219,+919000000219,guardian0219@example.test,13,FINANCIAL_CONTEXT_ONLY,0
220,CSE20260220,Student 0220,CSE,8,2022,Guardian 0220,+919000000220,guardian0220@example.test,13,IMPROVING,0
221,EEE20260221,Student 0221,EEE,6,2023,Guardian 0221,+919000000221,guardian0221@example.test,3,STABLE,0
222,CSE20260222,Student 0222,CSE,7,2022,Guardian 0222,+919000000222,guardian0222@example.test,3,IMPROVING,0
223,ECE20260223,Student 0223,ECE,6,2023,Guardian 0223,+919000000223,guardian0223@example.test,14,GRADUALLY_DETERIORATING,1
224,EEE20260224,Student 0224,EEE,8,2022,Guardian 0224,+919000000224,guardian0224@example.test,9,FINANCIAL_CONTEXT_ONLY,0
225,CE20260225,Student 0225,CE,8,2022,Guardian 0225,+919000000225,guardian0225@example.test,9,STABLE,0
226,CE20260226,Student 0226,CE,3,2024,Guardian 0226,+919000000226,guardian0226@example.test,10,FINANCIAL_CONTEXT_ONLY,0
227,CE20260227,Student 0227,CE,8,2022,Guardian 0227,+919000000227,guardian0227@example.test,8,STABLE,0
228,ECE20260228,Student 0228,ECE,5,2023,Guardian 0228,+919000000228,guardian0228@example.test,1,GRADUALLY_DETERIORATING,1
229,CE20260229,Student 0229,CE,8,2022,Guardian 0229,+919000000229,guardian0229@example.test,15,GRADUALLY_DETERIORATING,1
230,CE20260230,Student 0230,CE,2,2025,Guardian 0230,+919000000230,guardian0230@example.test,15,STABLE,0
231,ECE20260231,Student 0231,ECE,3,2024,Guardian 0231,+919000000231,guardian0231@example.test,13,STABLE,0
232,ME20260232,Student 0232,ME,4,2024,Guardian 0232,+919000000232,guardian0232@example.test,10,IMPROVING,0
233,EEE20260233,Student 0233,EEE,2,2025,Guardian 0233,+919000000233,guardian0233@example.test,7,FINANCIAL_CONTEXT_ONLY,0
234,EEE20260234,Student 0234,EEE,3,2024,Guardian 0234,+919000000234,guardian0234@example.test,13,GRADUALLY_DETERIORATING,0
235,CSE20260235,Student 0235,CSE,6,2023,Guardian 0235,+919000000235,guardian0235@example.test,15,FINANCIAL_CONTEXT_ONLY,0
236,CE20260236,Student 0236,CE,1,2025,Guardian 0236,+919000000236,guardian0236@example.test,8,RAPIDLY_DETERIORATING,1
237,CE20260237,Student 0237,CE,2,2025,Guardian 0237,+919000000237,guardian0237@example.test,10,IMPROVING,0
238,CE20260238,Student 0238,CE,3,2024,Guardian 0238,+919000000238,guardian0238@example.test,4,RAPIDLY_DETERIORATING,1
239,ECE20260239,Student 0239,ECE,4,2024,Guardian 0239,+919000000239,guardian0239@example.test,5,STABLE,0
240,ECE20260240,Student 0240,ECE,3,2024,Guardian 0240,+919000000240,guardian0240@example.test,13,STABLE,0
241,ECE20260241,Student 0241,ECE,1,2025,Guardian 0241,+919000000241,guardian0241@example.test,1,ACADEMIC_DISTRESS_ONLY,0
242,ECE20260242,Student 0242,ECE,2,2025,Guardian 0242,+919000000242,guardian0242@example.test,13,RAPIDLY_DETERIORATING,1
243,CE20260243,Student 0243,CE,7,2022,Guardian 0243,+919000000243,guardian0243@example.test,10,STABLE,0
244,CSE20260244,Student 0244,CSE,4,2024,Guardian 0244,+919000000244,guardian0244@example.test,15,GRADUALLY_DETERIORATING,1
245,EEE20260245,Student 0245,EEE,2,2025,Guardian 0245,+919000000245,guardian0245@example.test,1,GRADUALLY_DETERIORATING,0
246,ME20260246,Student 0246,ME,8,2022,Guardian 0246,+919000000246,guardian0246@example.test,14,ACADEMIC_DISTRESS_ONLY,0
247,CE20260247,Student 0247,CE,1,2025,Guardian 0247,+919000000247,guardian0247@example.test,15,GRADUALLY_DETERIORATING,0
248,CSE20260248,Student 0248,CSE,2,2025,Guardian 0248,+919000000248,guardian0248@example.test,5,IMPROVING,0
249,ECE20260249,Student 0249,ECE,6,2023,Guardian 0249,+919000000249,guardian0249@example.test,7,IMPROVING,0
250,CSE20260250,Student 0250,CSE,5,2023,Guardian 0250,+919000000250,guardian0250@example.test,3,IMPROVING,0
251,ME20260251,Student 0251,ME,5,2023,Guardian 0251,+919000000251,guardian0251@example.test,4,GRADUALLY_DETERIORATING,0
252,ME20260252,Student 0252,ME,7,2022,Guardian 0252,+919000000252,guardian0252@example.test,10,ACADEMIC_DISTRESS_ONLY,0
253,CSE20260253,Student 0253,CSE,8,2022,Guardian 0253,+919000000253,guardian0253@example.test,1,IMPROVING,0
254,ME20260254,Student 0254,ME,6,2023,Guardian 0254,+919000000254,guardian0254@example.test,11,STABLE,0
255,ECE20260255,Student 0255,ECE,3,2024,Guardian 0255,+919000000255,guardian0255@example.test,5,STABLE,0
256,ME20260256,Student 0256,ME,2,2025,Guardian 0256,+919000000256,guardian0256@example.test,1,RAPIDLY_DETERIORATING,1
257,CE20260257,Student 0257,CE,3,2024,Guardian 0257,+919000000257,guardian0257@example.test,5,RAPIDLY_DETERIORATING,1
258,CE20260258,Student 0258,CE,8,2022,Guardian 0258,+919000000258,guardian0258@example.test,13,STABLE,0
259,ECE20260259,Student 0259,ECE,3,2024,Guardian 0259,+919000000259,guardian0259@example.test,4,STABLE,0
260,CE20260260,Student 0260,CE,2,2025,Guardian 0260,+919000000260,guardian0260@example.test,8,GRADUALLY_DETERIORATING,0
261,ECE20260261,Student 0261,ECE,2,2025,Guardian 0261,+919000000261,guardian0261@example.test,9,STABLE,0
262,EEE20260262,Student 0262,EEE,3,2024,Guardian 0262,+919000000262,guardian0262@example.test,3,ACADEMIC_DISTRESS_ONLY,1
263,ECE20260263,Student 0263,ECE,1,2025,Guardian 0263,+919000000263,guardian0263@example.test,8,STABLE,1
264,CSE20260264,Student 0264,CSE,1,2025,Guardian 0264,+919000000264,guardian0264@example.test,7,STABLE,0
265,CSE20260265,Student 0265,CSE,1,2025,Guardian 0265,+919000000265,guardian0265@example.test,6,FINANCIAL_CONTEXT_ONLY,0
266,CE20260266,Student 0266,CE,3,2024,Guardian 0266,+919000000266,guardian0266@example.test,3,STABLE,0
267,CSE20260267,Student 0267,CSE,7,2022,Guardian 0267,+919000000267,guardian0267@example.test,5,STABLE,0
268,EEE20260268,Student 0268,EEE,4,2024,Guardian 0268,+919000000268,guardian0268@example.test,13,STABLE,0
269,ME20260269,Student 0269,ME,4,2024,Guardian 0269,+919000000269,guardian0269@example.test,9,STABLE,0
270,CE20260270,Student 0270,CE,3,2024,Guardian 0270,+919000000270,guardian0270@example.test,12,STABLE,0
271,ME20260271,Student 0271,ME,7,2022,Guardian 0271,+919000000271,guardian0271@example.test,11,STABLE,0
272,ME20260272,Student 0272,ME,4,2024,Guardian 0272,+919000000272,guardian0272@example.test,4,STABLE,0
273,CE20260273,Student 0273,CE,7,2022,Guardian 0273,+919000000273,guardian0273@example.test,15,STABLE,0
274,CSE20260274,Student 0274,CSE,3,2024,Guardian 0274,+919000000274,guardian0274@example.test,3,GRADUALLY_DETERIORATING,1
275,CSE20260275,Student 0275,CSE,7,2022,Guardian 0275,+919000000275,guardian0275@example.test,1,GRADUALLY_DETERIORATING,0
276,ECE20260276,Student 0276,ECE,7,2022,Guardian 0276,+919000000276,guardian0276@example.test,3,IMPROVING,0
277,CSE20260277,Student 0277,CSE,4,2024,Guardian 0277,+919000000277,guardian0277@example.test,14,STABLE,0
278,ECE20260278,Student 0278,ECE,8,2022,Guardian 0278,+919000000278,guardian0278@example.test,15,GRADUALLY_DETERIORATING,0
279,ME20260279,Student 0279,ME,2,2025,Guardian 0279,+919000000279,guardian0279@example.test,10,ACADEMIC_DISTRESS_ONLY,0
280,ECE20260280,Student 0280,ECE,8,2022,Guardian 0280,+919000000280,guardian0280@example.test,5,ACADEMIC_DISTRESS_ONLY,0
281,CSE20260281,Student 0281,CSE,5,2023,Guardian 0281,+919000000281,guardian0281@example.test,12,STABLE,0
282,ME20260282,Student 0282,ME,3,2024,Guardian 0282,+919000000282,guardian0282@example.test,11,STABLE,1
283,ME20260283,Student 0283,ME,1,2025,Guardian 0283,+919000000283,guardian0283@example.test,14,STABLE,0
284,CE20260284,Student 0284,CE,5,2023,Guardian 0284,+919000000284,guardian0284@example.test,4,STABLE,0
285,ECE20260285,Student 0285,ECE,7,2022,Guardian 0285,+919000000285,guardian0285@example.test,2,GRADUALLY_DETERIORATING,0
286,EEE20260286,Student 0286,EEE,2,2025,Guardian 0286,+919000000286,guardian0286@example.test,6,IMPROVING,0
287,CSE20260287,Student 0287,CSE,5,2023,Guardian 0287,+919000000287,guardian0287@example.test,3,STABLE,0
288,ECE20260288,Student 0288,ECE,6,2023,Guardian 0288,+919000000288,guardian0288@example.test,11,IMPROVING,0
289,ECE20260289,Student 0289,ECE,1,2025,Guardian 0289,+919000000289,guardian0289@example.test,1,GRADUALLY_DETERIORATING,0
290,ECE20260290,Student 0290,ECE,7,2022,Guardian 0290,+919000000290,guardian0290@example.test,10,STABLE,0
291,EEE20260291,Student 0291,EEE,8,2022,Guardian 0291,+919000000291,guardian0291@example.test,2,ACADEMIC_DISTRESS_ONLY,1
292,ME20260292,Student 0292,ME,7,2022,Guardian 0292,+919000000292,guardian0292@example.test,15,STABLE,0
293,ECE20260293,Student 0293,ECE,2,2025,Guardian 0293,+919000000293,guardian0293@example.test,8,FINANCIAL_CONTEXT_ONLY,0
294,ME20260294,Student 0294,ME,3,2024,Guardian 0294,+919000000294,guardian0294@example.test,11,STABLE,0
295,EEE20260295,Student 0295,EEE,1,2025,Guardian 0295,+919000000295,guardian0295@example.test,7,ACADEMIC_DISTRESS_ONLY,1
296,ECE20260296,Student 0296,ECE,5,2023,Guardian 0296,+919000000296,guardian0296@example.test,3,ACADEMIC_DISTRESS_ONLY,1
297,CE20260297,Student 0297,CE,7,2022,Guardian 0297,+919000000297,guardian0297@example.test,3,FINANCIAL_CONTEXT_ONLY,0
298,ECE20260298,Student 0298,ECE,2,2025,Guardian 0298,+919000000298,guardian0298@example.test,1,RAPIDLY_DETERIORATING,1
299,ECE20260299,Student 0299,ECE,3,2024,Guardian 0299,+919000000299,guardian0299@example.test,14,RAPIDLY_DETERIORATING,1
300,CE20260300,Student 0300,CE,7,2022,Guardian 0300,+919000000300,guardian0300@example.test,14,GRADUALLY_DETERIORATING,0
301,CE20260301,Student 0301,CE,1,2025,Guardian 0301,+919000000301,guardian0301@example.test,12,RAPIDLY_DETERIORATING,1
302,CSE20260302,Student 0302,CSE,4,2024,Guardian 0302,+919000000302,guardian0302@example.test,10,STABLE,0
303,CSE20260303,Student 0303,CSE,7,2022,Guardian 0303,+919000000303,guardian0303@example.test,15,GRADUALLY_DETERIORATING,0
304,CE20260304,Student 0304,CE,6,2023,Guardian 0304,+919000000304,guardian0304@example.test,8,GRADUALLY_DETERIORATING,0
305,ME20260305,Student 0305,ME,1,2025,Guardian 0305,+919000000305,guardian0305@example.test,4,ACADEMIC_DISTRESS_ONLY,1
306,ME20260306,Student 0306,ME,4,2024,Guardian 0306,+919000000306,guardian0306@example.test,15,IMPROVING,0
307,EEE20260307,Student 0307,EEE,7,2022,Guardian 0307,+919000000307,guardian0307@example.test,14,IMPROVING,0
308,CSE20260308,Student 0308,CSE,3,2024,Guardian 0308,+919000000308,guardian0308@example.test,8,GRADUALLY_DETERIORATING,1
309,ECE20260309,Student 0309,ECE,8,2022,Guardian 0309,+919000000309,guardian0309@example.test,15,STABLE,0
310,ECE20260310,Student 0310,ECE,7,2022,Guardian 0310,+919000000310,guardian0310@example.test,9,STABLE,0
311,CE20260311,Student 0311,CE,3,2024,Guardian 0311,+919000000311,guardian0311@example.test,4,IMPROVING,0
312,CSE20260312,Student 0312,CSE,7,2022,Guardian 0312,+919000000312,guardian0312@example.test,13,IMPROVING,0
313,ME20260313,Student 0313,ME,3,2024,Guardian 0313,+919000000313,guardian0313@example.test,11,STABLE,0
314,ME20260314,Student 0314,ME,7,2022,Guardian 0314,+919000000314,guardian0314@example.test,10,IMPROVING,0
315,EEE20260315,Student 0315,EEE,8,2022,Guardian 0315,+919000000315,guardian0315@example.test,11,IMPROVING,0
316,ECE20260316,Student 0316,ECE,3,2024,Guardian 0316,+919000000316,guardian0316@example.test,7,STABLE,0
317,ECE20260317,Student 0317,ECE,4,2024,Guardian 0317,+919000000317,guardian0317@example.test,5,IMPROVING,0
318,CE20260318,Student 0318,CE,3,2024,Guardian 0318,+919000000318,guardian0318@example.test,5,GRADUALLY_DETERIORATING,1
319,CSE20260319,Student 0319,CSE,4,2024,Guardian 0319,+919000000319,guardian0319@example.test,8,STABLE,0
320,CSE20260320,Student 0320,CSE,5,2023,Guardian 0320,+919000000320,guardian0320@example.test,11,FINANCIAL_CONTEXT_ONLY,0
321,EEE20260321,Student 0321,EEE,2,2025,Guardian 0321,+919000000321,guardian0321@example.test,12,ACADEMIC_DISTRESS_ONLY,0
322,ME20260322,Student 0322,ME,5,2023,Guardian 0322,+919000000322,guardian0322@example.test,4,IMPROVING,0
323,EEE20260323,Student 0323,EEE,8,2022,Guardian 0323,+919000000323,guardian0323@example.test,3,STABLE,0
324,ME20260324,Student 0324,ME,8,2022,Guardian 0324,+919000000324,guardian0324@example.test,1,GRADUALLY_DETERIORATING,0
325,EEE20260325,Student 0325,EEE,4,2024,Guardian 0325,+919000000325,guardian0325@example.test,2,ACADEMIC_DISTRESS_ONLY,1
326,EEE20260326,Student 0326,EEE,8,2022,Guardian 0326,+919000000326,guardian0326@example.test,1,GRADUALLY_DETERIORATING,1
327,EEE20260327,Student 0327,EEE,6,2023,Guardian 0327,+919000000327,guardian0327@example.test,14,RAPIDLY_DETERIORATING,1
328,ME20260328,Student 0328,ME,3,2024,Guardian 0328,+919000000328,guardian0328@example.test,12,GRADUALLY_DETERIORATING,0
329,ECE20260329,Student 0329,ECE,4,2024,Guardian 0329,+919000000329,guardian0329@example.test,4,GRADUALLY_DETERIORATING,1
330,ME20260330,Student 0330,ME,5,2023,Guardian 0330,+919000000330,guardian0330@example.test,12,STABLE,0
331,EEE20260331,Student 0331,EEE,8,2022,Guardian 0331,+919000000331,guardian0331@example.test,15,RAPIDLY_DETERIORATING,1
332,ECE20260332,Student 0332,ECE,1,2025,Guardian 0332,+919000000332,guardian0332@example.test,5,STABLE,0
333,ME20260333,Student 0333,ME,7,2022,Guardian 0333,+919000000333,guardian0333@example.test,3,GRADUALLY_DETERIORATING,1
334,ME20260334,Student 0334,ME,2,2025,Guardian 0334,+919000000334,guardian0334@example.test,15,ACADEMIC_DISTRESS_ONLY,0
335,CE20260335,Student 0335,CE,7,2022,Guardian 0335,+919000000335,guardian0335@example.test,13,STABLE,0
336,CSE20260336,Student 0336,CSE,8,2022,Guardian 0336,+919000000336,guardian0336@example.test,14,GRADUALLY_DETERIORATING,1
337,CSE20260337,Student 0337,CSE,1,2025,Guardian 0337,+919000000337,guardian0337@example.test,6,STABLE,0
338,EEE20260338,Student 0338,EEE,2,2025,Guardian 0338,+919000000338,guardian0338@example.test,9,RAPIDLY_DETERIORATING,0
339,CE20260339,Student 0339,CE,5,2023,Guardian 0339,+919000000339,guardian0339@example.test,14,STABLE,0
340,ME20260340,Student 0340,ME,2,2025,Guardian 0340,+919000000340,guardian0340@example.test,7,FINANCIAL_CONTEXT_ONLY,0
341,EEE20260341,Student 0341,EEE,7,2022,Guardian 0341,+919000000341,guardian0341@example.test,4,STABLE,0
342,EEE20260342,Student 0342,EEE,6,2023,Guardian 0342,+919000000342,guardian0342@example.test,5,FINANCIAL_CONTEXT_ONLY,0
343,CSE20260343,Student 0343,CSE,1,2025,Guardian 0343,+919000000343,guardian0343@example.test,15,RAPIDLY_DETERIORATING,1
344,ME20260344,Student 0344,ME,4,2024,Guardian 0344,+919000000344,guardian0344@example.test,11,GRADUALLY_DETERIORATING,1
345,CE20260345,Student 0345,CE,6,2023,Guardian 0345,+919000000345,guardian0345@example.test,2,RAPIDLY_DETERIORATING,1
346,ECE20260346,Student 0346,ECE,2,2025,Guardian 0346,+919000000346,guardian0346@example.test,1,RAPIDLY_DETERIORATING,1
347,EEE20260347,Student 0347,EEE,5,2023,Guardian 0347,+919000000347,guardian0347@example.test,14,FINANCIAL_CONTEXT_ONLY,0
348,ECE20260348,Student 0348,ECE,5,2023,Guardian 0348,+919000000348,guardian0348@example.test,3,STABLE,0
349,CSE20260349,Student 0349,CSE,1,2025,Guardian 0349,+919000000349,guardian0349@example.test,8,GRADUALLY_DETERIORATING,1
350,EEE20260350,Student 0350,EEE,2,2025,Guardian 0350,+919000000350,guardian0350@example.test,13,STABLE,0
351,ECE20260351,Student 0351,ECE,1,2025,Guardian 0351,+919000000351,guardian0351@example.test,9,GRADUALLY_DETERIORATING,0
352,CE20260352,Student 0352,CE,8,2022,Guardian 0352,+919000000352,guardian0352@example.test,10,STABLE,0
353,CSE20260353,Student 0353,CSE,4,2024,Guardian 0353,+919000000353,guardian0353@example.test,6,GRADUALLY_DETERIORATING,1
354,CSE20260354,Student 0354,CSE,3,2024,Guardian 0354,+919000000354,guardian0354@example.test,15,GRADUALLY_DETERIORATING,0
355,CE20260355,Student 0355,CE,1,2025,Guardian 0355,+919000000355,guardian0355@example.test,4,IMPROVING,0
356,CE20260356,Student 0356,CE,5,2023,Guardian 0356,+919000000356,guardian0356@example.test,14,GRADUALLY_DETERIORATING,1
357,ECE20260357,Student 0357,ECE,8,2022,Guardian 0357,+919000000357,guardian0357@example.test,12,RAPIDLY_DETERIORATING,1
358,EEE20260358,Student 0358,EEE,3,2024,Guardian 0358,+919000000358,guardian0358@example.test,1,RAPIDLY_DETERIORATING,1
359,EEE20260359,Student 0359,EEE,2,2025,Guardian 0359,+919000000359,guardian0359@example.test,11,IMPROVING,0
360,ME20260360,Student 0360,ME,7,2022,Guardian 0360,+919000000360,guardian0360@example.test,9,GRADUALLY_DETERIORATING,1
361,CE20260361,Student 0361,CE,4,2024,Guardian 0361,+919000000361,guardian0361@example.test,15,FINANCIAL_CONTEXT_ONLY,0
362,CSE20260362,Student 0362,CSE,3,2024,Guardian 0362,+919000000362,guardian0362@example.test,5,STABLE,0
363,ME20260363,Student 0363,ME,3,2024,Guardian 0363,+919000000363,guardian0363@example.test,3,STABLE,0
364,EEE20260364,Student 0364,EEE,6,2023,Guardian 0364,+919000000364,guardian0364@example.test,14,STABLE,0
365,ME20260365,Student 0365,ME,7,2022,Guardian 0365,+919000000365,guardian0365@example.test,2,GRADUALLY_DETERIORATING,0
366,EEE20260366,Student 0366,EEE,3,2024,Guardian 0366,+919000000366,guardian0366@example.test,15,IMPROVING,0
367,EEE20260367,Student 0367,EEE,7,2022,Guardian 0367,+919000000367,guardian0367@example.test,5,RAPIDLY_DETERIORATING,1
368,ME20260368,Student 0368,ME,8,2022,Guardian 0368,+919000000368,guardian0368@example.test,14,GRADUALLY_DETERIORATING,0
369,ME20260369,Student 0369,ME,6,2023,Guardian 0369,+919000000369,guardian0369@example.test,12,STABLE,0
370,ME20260370,Student 0370,ME,7,2022,Guardian 0370,+919000000370,guardian0370@example.test,6,ACADEMIC_DISTRESS_ONLY,1
371,CSE20260371,Student 0371,CSE,4,2024,Guardian 0371,+919000000371,guardian0371@example.test,2,RAPIDLY_DETERIORATING,1
372,CSE20260372,Student 0372,CSE,5,2023,Guardian 0372,+919000000372,guardian0372@example.test,12,STABLE,0
373,CSE20260373,Student 0373,CSE,8,2022,Guardian 0373,+919000000373,guardian0373@example.test,13,IMPROVING,1
374,CE20260374,Student 0374,CE,3,2024,Guardian 0374,+919000000374,guardian0374@example.test,3,STABLE,0
375,ECE20260375,Student 0375,ECE,8,2022,Guardian 0375,+919000000375,guardian0375@example.test,13,STABLE,0
376,ECE20260376,Student 0376,ECE,6,2023,Guardian 0376,+919000000376,guardian0376@example.test,15,STABLE,0
377,CSE20260377,Student 0377,CSE,2,2025,Guardian 0377,+919000000377,guardian0377@example.test,9,FINANCIAL_CONTEXT_ONLY,0
378,CSE20260378,Student 0378,CSE,8,2022,Guardian 0378,+919000000378,guardian0378@example.test,1,IMPROVING,0
379,CSE20260379,Student 0379,CSE,5,2023,Guardian 0379,+919000000379,guardian0379@example.test,6,IMPROVING,0
380,EEE20260380,Student 0380,EEE,6,2023,Guardian 0380,+919000000380,guardian0380@example.test,10,RAPIDLY_DETERIORATING,1
381,ME20260381,Student 0381,ME,7,2022,Guardian 0381,+919000000381,guardian0381@example.test,13,GRADUALLY_DETERIORATING,0
382,CE20260382,Student 0382,CE,5,2023,Guardian 0382,+919000000382,guardian0382@example.test,15,FINANCIAL_CONTEXT_ONLY,0
383,CSE20260383,Student 0383,CSE,1,2025,Guardian 0383,+919000000383,guardian0383@example.test,8,RAPIDLY_DETERIORATING,1
384,ECE20260384,Student 0384,ECE,5,2023,Guardian 0384,+919000000384,guardian0384@example.test,15,IMPROVING,0
385,ECE20260385,Student 0385,ECE,7,2022,Guardian 0385,+919000000385,guardian0385@example.test,2,IMPROVING,0
386,ME20260386,Student 0386,ME,5,2023,Guardian 0386,+919000000386,guardian0386@example.test,5,FINANCIAL_CONTEXT_ONLY,0
387,CSE20260387,Student 0387,CSE,6,2023,Guardian 0387,+919000000387,guardian0387@example.test,3,RAPIDLY_DETERIORATING,1
388,ME20260388,Student 0388,ME,7,2022,Guardian 0388,+919000000388,guardian0388@example.test,11,FINANCIAL_CONTEXT_ONLY,0
389,CE20260389,Student 0389,CE,8,2022,Guardian 0389,+919000000389,guardian0389@example.test,12,STABLE,0
390,CSE20260390,Student 0390,CSE,5,2023,Guardian 0390,+919000000390,guardian0390@example.test,8,ACADEMIC_DISTRESS_ONLY,1
391,CSE20260391,Student 0391,CSE,5,2023,Guardian 0391,+919000000391,guardian0391@example.test,15,GRADUALLY_DETERIORATING,0
392,ME20260392,Student 0392,ME,1,2025,Guardian 0392,+919000000392,guardian0392@example.test,8,STABLE,0
393,EEE20260393,Student 0393,EEE,4,2024,Guardian 0393,+919000000393,guardian0393@example.test,15,GRADUALLY_DETERIORATING,0
394,CSE20260394,Student 0394,CSE,2,2025,Guardian 0394,+919000000394,guardian0394@example.test,4,GRADUALLY_DETERIORATING,0
395,CE20260395,Student 0395,CE,1,2025,Guardian 0395,+919000000395,guardian0395@example.test,9,STABLE,0
396,EEE20260396,Student 0396,EEE,4,2024,Guardian 0396,+919000000396,guardian0396@example.test,14,IMPROVING,0
397,CE20260397,Student 0397,CE,1,2025,Guardian 0397,+919000000397,guardian0397@example.test,13,ACADEMIC_DISTRESS_ONLY,0
398,EEE20260398,Student 0398,EEE,6,2023,Guardian 0398,+919000000398,guardian0398@example.test,12,STABLE,0
399,ME20260399,Student 0399,ME,6,2023,Guardian 0399,+919000000399,guardian0399@example.test,3,IMPROVING,0
400,EEE20260400,Student 0400,EEE,3,2024,Guardian 0400,+919000000400,guardian0400@example.test,6,IMPROVING,0
401,CE20260401,Student 0401,CE,6,2023,Guardian 0401,+919000000401,guardian0401@example.test,14,STABLE,0
402,EEE20260402,Student 0402,EEE,5,2023,Guardian 0402,+919000000402,guardian0402@example.test,7,ACADEMIC_DISTRESS_ONLY,0
403,ECE20260403,Student 0403,ECE,5,2023,Guardian 0403,+919000000403,guardian0403@example.test,1,RAPIDLY_DETERIORATING,1
404,CE20260404,Student 0404,CE,5,2023,Guardian 0404,+919000000404,guardian0404@example.test,4,STABLE,0
405,ECE20260405,Student 0405,ECE,2,2025,Guardian 0405,+919000000405,guardian0405@example.test,6,FINANCIAL_CONTEXT_ONLY,0
406,CSE20260406,Student 0406,CSE,1,2025,Guardian 0406,+919000000406,guardian0406@example.test,12,ACADEMIC_DISTRESS_ONLY,0
407,CE20260407,Student 0407,CE,3,2024,Guardian 0407,+919000000407,guardian0407@example.test,9,STABLE,0
408,CSE20260408,Student 0408,CSE,7,2022,Guardian 0408,+919000000408,guardian0408@example.test,3,ACADEMIC_DISTRESS_ONLY,1
409,ECE20260409,Student 0409,ECE,3,2024,Guardian 0409,+919000000409,guardian0409@example.test,5,STABLE,0
410,ME20260410,Student 0410,ME,6,2023,Guardian 0410,+919000000410,guardian0410@example.test,12,FINANCIAL_CONTEXT_ONLY,0
411,EEE20260411,Student 0411,EEE,2,2025,Guardian 0411,+919000000411,guardian0411@example.test,12,GRADUALLY_DETERIORATING,1
412,ECE20260412,Student 0412,ECE,7,2022,Guardian 0412,+919000000412,guardian0412@example.test,3,GRADUALLY_DETERIORATING,1
413,ECE20260413,Student 0413,ECE,3,2024,Guardian 0413,+919000000413,guardian0413@example.test,6,STABLE,0
414,CSE20260414,Student 0414,CSE,7,2022,Guardian 0414,+919000000414,guardian0414@example.test,11,ACADEMIC_DISTRESS_ONLY,1
415,ME20260415,Student 0415,ME,4,2024,Guardian 0415,+919000000415,guardian0415@example.test,4,STABLE,0
416,CE20260416,Student 0416,CE,1,2025,Guardian 0416,+919000000416,guardian0416@example.test,13,STABLE,0
417,ME20260417,Student 0417,ME,7,2022,Guardian 0417,+919000000417,guardian0417@example.test,5,STABLE,0
418,ECE20260418,Student 0418,ECE,2,2025,Guardian 0418,+919000000418,guardian0418@example.test,3,RAPIDLY_DETERIORATING,1
419,ECE20260419,Student 0419,ECE,4,2024,Guardian 0419,+919000000419,guardian0419@example.test,11,STABLE,0
420,ECE20260420,Student 0420,ECE,2,2025,Guardian 0420,+919000000420,guardian0420@example.test,5,ACADEMIC_DISTRESS_ONLY,1
421,ECE20260421,Student 0421,ECE,2,2025,Guardian 0421,+919000000421,guardian0421@example.test,1,GRADUALLY_DETERIORATING,1
422,ME20260422,Student 0422,ME,7,2022,Guardian 0422,+919000000422,guardian0422@example.test,6,STABLE,0
423,ME20260423,Student 0423,ME,7,2022,Guardian 0423,+919000000423,guardian0423@example.test,1,STABLE,0
424,EEE20260424,Student 0424,EEE,6,2023,Guardian 0424,+919000000424,guardian0424@example.test,10,STABLE,0
425,CE20260425,Student 0425,CE,8,2022,Guardian 0425,+919000000425,guardian0425@example.test,8,GRADUALLY_DETERIORATING,0
426,CE20260426,Student 0426,CE,7,2022,Guardian 0426,+919000000426,guardian0426@example.test,14,RAPIDLY_DETERIORATING,1
427,ECE20260427,Student 0427,ECE,4,2024,Guardian 0427,+919000000427,guardian0427@example.test,12,STABLE,1
428,CSE20260428,Student 0428,CSE,5,2023,Guardian 0428,+919000000428,guardian0428@example.test,8,ACADEMIC_DISTRESS_ONLY,1
429,ME20260429,Student 0429,ME,4,2024,Guardian 0429,+919000000429,guardian0429@example.test,7,STABLE,0
430,ME20260430,Student 0430,ME,6,2023,Guardian 0430,+919000000430,guardian0430@example.test,13,RAPIDLY_DETERIORATING,1
431,CE20260431,Student 0431,CE,2,2025,Guardian 0431,+919000000431,guardian0431@example.test,3,FINANCIAL_CONTEXT_ONLY,0
432,CE20260432,Student 0432,CE,7,2022,Guardian 0432,+919000000432,guardian0432@example.test,15,RAPIDLY_DETERIORATING,0
433,CSE20260433,Student 0433,CSE,8,2022,Guardian 0433,+919000000433,guardian0433@example.test,3,GRADUALLY_DETERIORATING,1
434,ECE20260434,Student 0434,ECE,6,2023,Guardian 0434,+919000000434,guardian0434@example.test,5,ACADEMIC_DISTRESS_ONLY,0
435,CE20260435,Student 0435,CE,8,2022,Guardian 0435,+919000000435,guardian0435@example.test,7,STABLE,0
436,ECE20260436,Student 0436,ECE,5,2023,Guardian 0436,+919000000436,guardian0436@example.test,5,STABLE,0
437,ECE20260437,Student 0437,ECE,2,2025,Guardian 0437,+919000000437,guardian0437@example.test,12,STABLE,0
438,CSE20260438,Student 0438,CSE,7,2022,Guardian 0438,+919000000438,guardian0438@example.test,7,GRADUALLY_DETERIORATING,0
439,CSE20260439,Student 0439,CSE,6,2023,Guardian 0439,+919000000439,guardian0439@example.test,11,RAPIDLY_DETERIORATING,1
440,CSE20260440,Student 0440,CSE,2,2025,Guardian 0440,+919000000440,guardian0440@example.test,13,GRADUALLY_DETERIORATING,1
441,EEE20260441,Student 0441,EEE,8,2022,Guardian 0441,+919000000441,guardian0441@example.test,12,ACADEMIC_DISTRESS_ONLY,0
442,CSE20260442,Student 0442,CSE,8,2022,Guardian 0442,+919000000442,guardian0442@example.test,13,STABLE,0
443,EEE20260443,Student 0443,EEE,3,2024,Guardian 0443,+919000000443,guardian0443@example.test,6,RAPIDLY_DETERIORATING,1
444,EEE20260444,Student 0444,EEE,1,2025,Guardian 0444,+919000000444,guardian0444@example.test,7,STABLE,0
445,CE20260445,Student 0445,CE,3,2024,Guardian 0445,+919000000445,guardian0445@example.test,12,STABLE,0
446,CE20260446,Student 0446,CE,5,2023,Guardian 0446,+919000000446,guardian0446@example.test,6,RAPIDLY_DETERIORATING,1
447,EEE20260447,Student 0447,EEE,2,2025,Guardian 0447,+919000000447,guardian0447@example.test,11,FINANCIAL_CONTEXT_ONLY,0
448,CSE20260448,Student 0448,CSE,3,2024,Guardian 0448,+919000000448,guardian0448@example.test,15,GRADUALLY_DETERIORATING,1
449,ECE20260449,Student 0449,ECE,2,2025,Guardian 0449,+919000000449,guardian0449@example.test,14,STABLE,0
450,ME20260450,Student 0450,ME,7,2022,Guardian 0450,+919000000450,guardian0450@example.test,2,GRADUALLY_DETERIORATING,1
451,ECE20260451,Student 0451,ECE,6,2023,Guardian 0451,+919000000451,guardian0451@example.test,3,STABLE,0
452,ECE20260452,Student 0452,ECE,2,2025,Guardian 0452,+919000000452,guardian0452@example.test,3,ACADEMIC_DISTRESS_ONLY,1
453,ME20260453,Student 0453,ME,4,2024,Guardian 0453,+919000000453,guardian0453@example.test,12,RAPIDLY_DETERIORATING,1
454,EEE20260454,Student 0454,EEE,6,2023,Guardian 0454,+919000000454,guardian0454@example.test,11,STABLE,0
455,CSE20260455,Student 0455,CSE,4,2024,Guardian 0455,+919000000455,guardian0455@example.test,10,STABLE,0
456,ME20260456,Student 0456,ME,1,2025,Guardian 0456,+919000000456,guardian0456@example.test,4,STABLE,0
457,CSE20260457,Student 0457,CSE,7,2022,Guardian 0457,+919000000457,guardian0457@example.test,15,FINANCIAL_CONTEXT_ONLY,0
458,CSE20260458,Student 0458,CSE,2,2025,Guardian 0458,+919000000458,guardian0458@example.test,4,IMPROVING,0
459,ME20260459,Student 0459,ME,4,2024,Guardian 0459,+919000000459,guardian0459@example.test,4,RAPIDLY_DETERIORATING,1
460,ECE20260460,Student 0460,ECE,2,2025,Guardian 0460,+919000000460,guardian0460@example.test,14,GRADUALLY_DETERIORATING,0
461,CE20260461,Student 0461,CE,3,2024,Guardian 0461,+919000000461,guardian0461@example.test,10,GRADUALLY_DETERIORATING,1
462,ECE20260462,Student 0462,ECE,3,2024,Guardian 0462,+919000000462,guardian0462@example.test,3,STABLE,0
463,ME20260463,Student 0463,ME,4,2024,Guardian 0463,+919000000463,guardian0463@example.test,14,FINANCIAL_CONTEXT_ONLY,0
464,ECE20260464,Student 0464,ECE,6,2023,Guardian 0464,+919000000464,guardian0464@example.test,6,STABLE,0
465,CSE20260465,Student 0465,CSE,2,2025,Guardian 0465,+919000000465,guardian0465@example.test,12,GRADUALLY_DETERIORATING,0
466,CE20260466,Student 0466,CE,2,2025,Guardian 0466,+919000000466,guardian0466@example.test,4,GRADUALLY_DETERIORATING,0
467,CE20260467,Student 0467,CE,7,2022,Guardian 0467,+919000000467,guardian0467@example.test,4,GRADUALLY_DETERIORATING,1
468,EEE20260468,Student 0468,EEE,5,2023,Guardian 0468,+919000000468,guardian0468@example.test,1,FINANCIAL_CONTEXT_ONLY,0
469,ME20260469,Student 0469,ME,3,2024,Guardian 0469,+919000000469,guardian0469@example.test,2,STABLE,0
470,CE20260470,Student 0470,CE,5,2023,Guardian 0470,+919000000470,guardian0470@example.test,2,GRADUALLY_DETERIORATING,0
471,CSE20260471,Student 0471,CSE,8,2022,Guardian 0471,+919000000471,guardian0471@example.test,2,IMPROVING,0
472,CE20260472,Student 0472,CE,1,2025,Guardian 0472,+919000000472,guardian0472@example.test,14,IMPROVING,0
473,EEE20260473,Student 0473,EEE,6,2023,Guardian 0473,+919000000473,guardian0473@example.test,1,STABLE,0
474,EEE20260474,Student 0474,EEE,5,2023,Guardian 0474,+919000000474,guardian0474@example.test,5,STABLE,0
475,EEE20260475,Student 0475,EEE,2,2025,Guardian 0475,+919000000475,guardian0475@example.test,5,STABLE,0
476,ME20260476,Student 0476,ME,5,2023,Guardian 0476,+919000000476,guardian0476@example.test,9,STABLE,0
477,EEE20260477,Student 0477,EEE,7,2022,Guardian 0477,+919000000477,guardian0477@example.test,15,IMPROVING,0
478,EEE20260478,Student 0478,EEE,7,2022,Guardian 0478,+919000000478,guardian0478@example.test,12,GRADUALLY_DETERIORATING,0
479,ECE20260479,Student 0479,ECE,5,2023,Guardian 0479,+919000000479,guardian0479@example.test,12,GRADUALLY_DETERIORATING,0
480,CSE20260480,Student 0480,CSE,4,2024,Guardian 0480,+919000000480,guardian0480@example.test,15,IMPROVING,0
481,EEE20260481,Student 0481,EEE,8,2022,Guardian 0481,+919000000481,guardian0481@example.test,3,IMPROVING,0
482,EEE20260482,Student 0482,EEE,3,2024,Guardian 0482,+919000000482,guardian0482@example.test,10,STABLE,0
483,CSE20260483,Student 0483,CSE,8,2022,Guardian 0483,+919000000483,guardian0483@example.test,4,GRADUALLY_DETERIORATING,1
484,CSE20260484,Student 0484,CSE,5,2023,Guardian 0484,+919000000484,guardian0484@example.test,14,STABLE,0
485,ME20260485,Student 0485,ME,7,2022,Guardian 0485,+919000000485,guardian0485@example.test,10,STABLE,0
486,ECE20260486,Student 0486,ECE,4,2024,Guardian 0486,+919000000486,guardian0486@example.test,14,IMPROVING,0
487,ECE20260487,Student 0487,ECE,7,2022,Guardian 0487,+919000000487,guardian0487@example.test,4,IMPROVING,0
488,ECE20260488,Student 0488,ECE,3,2024,Guardian 0488,+919000000488,guardian0488@example.test,10,STABLE,0
489,EEE20260489,Student 0489,EEE,1,2025,Guardian 0489,+919000000489,guardian0489@example.test,7,GRADUALLY_DETERIORATING,0
490,ECE20260490,Student 0490,ECE,3,2024,Guardian 0490,+919000000490,guardian0490@example.test,9,GRADUALLY_DETERIORATING,1
491,ME20260491,Student 0491,ME,1,2025,Guardian 0491,+919000000491,guardian0491@example.test,7,RAPIDLY_DETERIORATING,0
492,ECE20260492,Student 0492,ECE,7,2022,Guardian 0492,+919000000492,guardian0492@example.test,1,GRADUALLY_DETERIORATING,1
493,ME20260493,Student 0493,ME,8,2022,Guardian 0493,+919000000493,guardian0493@example.test,14,GRADUALLY_DETERIORATING,0
494,CSE20260494,Student 0494,CSE,5,2023,Guardian 0494,+919000000494,guardian0494@example.test,4,STABLE,0
495,ECE20260495,Student 0495,ECE,6,2023,Guardian 0495,+919000000495,guardian0495@example.test,12,RAPIDLY_DETERIORATING,1
496,EEE20260496,Student 0496,EEE,5,2023,Guardian 0496,+919000000496,guardian0496@example.test,8,GRADUALLY_DETERIORATING,0
497,CE20260497,Student 0497,CE,2,2025,Guardian 0497,+919000000497,guardian0497@example.test,12,IMPROVING,1
498,ECE20260498,Student 0498,ECE,3,2024,Guardian 0498,+919000000498,guardian0498@example.test,15,GRADUALLY_DETERIORATING,0
499,CSE20260499,Student 0499,CSE,6,2023,Guardian 0499,+919000000499,guardian0499@example.test,6,IMPROVING,0
500,CE20260500,Student 0500,CE,1,2025,Guardian 0500,+919000000500,guardian0500@example.test,8,GRADUALLY_DETERIORATING,1
